timestamp, temperature.gpu, temperature.memory, power.draw [W], utilization.gpu [%], utilization.memory [%], memory.used [MiB], clocks_event_reasons.active
2026/05/02 14:58:19.010, 44, N/A, 1.96 W, 0 %, 0 %, 433 MiB, 0x0000000000000001
2026/05/02 14:58:19.522, 44, N/A, 1.96 W, 0 %, 0 %, 433 MiB, 0x0000000000000001
2026/05/02 14:58:20.029, 44, N/A, 1.97 W, 0 %, 0 %, 433 MiB, 0x0000000000000001
2026/05/02 14:58:20.531, 44, N/A, 1.97 W, 0 %, 0 %, 433 MiB, 0x0000000000000001
2026/05/02 14:58:21.037, 44, N/A, 1.97 W, 0 %, 0 %, 433 MiB, 0x0000000000000001
2026/05/02 14:58:21.546, 44, N/A, 1.97 W, 0 %, 0 %, 433 MiB, 0x0000000000000001
2026/05/02 14:58:22.056, 44, N/A, 1.96 W, 0 %, 0 %, 433 MiB, 0x0000000000000001
2026/05/02 14:58:22.565, 44, N/A, 1.96 W, 0 %, 0 %, 433 MiB, 0x0000000000000001
2026/05/02 14:58:23.067, 44, N/A, 1.96 W, 0 %, 0 %, 433 MiB, 0x0000000000000001
2026/05/02 14:58:23.575, 44, N/A, 1.96 W, 0 %, 0 %, 433 MiB, 0x0000000000000001
2026/05/02 14:58:24.084, 44, N/A, 1.96 W, 0 %, 0 %, 433 MiB, 0x0000000000000001
2026/05/02 14:58:24.587, 44, N/A, 1.96 W, 0 %, 0 %, 433 MiB, 0x0000000000000001
2026/05/02 14:58:25.091, 44, N/A, 1.96 W, 0 %, 0 %, 433 MiB, 0x0000000000000001
2026/05/02 14:58:25.599, 44, N/A, 1.96 W, 0 %, 0 %, 433 MiB, 0x0000000000000001
2026/05/02 14:58:26.107, 44, N/A, 1.96 W, 0 %, 0 %, 433 MiB, 0x0000000000000001
2026/05/02 14:58:26.610, 44, N/A, 1.96 W, 0 %, 0 %, 433 MiB, 0x0000000000000001
2026/05/02 14:58:27.118, 44, N/A, 1.96 W, 0 %, 0 %, 433 MiB, 0x0000000000000001
2026/05/02 14:58:27.627, 44, N/A, 1.96 W, 0 %, 0 %, 433 MiB, 0x0000000000000001
2026/05/02 14:58:28.138, 44, N/A, 1.95 W, 0 %, 0 %, 433 MiB, 0x0000000000000001
2026/05/02 14:58:28.644, 44, N/A, 1.95 W, 0 %, 0 %, 433 MiB, 0x0000000000000001
2026/05/02 14:58:29.144, 44, N/A, 1.95 W, 0 %, 0 %, 433 MiB, 0x0000000000000001
2026/05/02 14:58:29.648, 44, N/A, 1.95 W, 0 %, 0 %, 433 MiB, 0x0000000000000001
2026/05/02 14:58:30.160, 44, N/A, 1.96 W, 0 %, 0 %, 433 MiB, 0x0000000000000001
2026/05/02 14:58:30.668, 44, N/A, 1.96 W, 0 %, 0 %, 433 MiB, 0x0000000000000001
2026/05/02 14:58:31.176, 44, N/A, 1.95 W, 0 %, 0 %, 433 MiB, 0x0000000000000001
2026/05/02 14:58:31.678, 44, N/A, 1.95 W, 0 %, 0 %, 433 MiB, 0x0000000000000001
2026/05/02 14:58:32.180, 44, N/A, 1.96 W, 0 %, 0 %, 433 MiB, 0x0000000000000001
2026/05/02 14:58:32.684, 44, N/A, 1.96 W, 0 %, 0 %, 433 MiB, 0x0000000000000001
2026/05/02 14:58:33.186, 44, N/A, 1.96 W, 0 %, 0 %, 433 MiB, 0x0000000000000001
2026/05/02 14:58:33.687, 44, N/A, 1.96 W, 0 %, 0 %, 433 MiB, 0x0000000000000001
2026/05/02 14:58:34.188, 44, N/A, 1.96 W, 0 %, 0 %, 433 MiB, 0x0000000000000001
2026/05/02 14:58:34.692, 44, N/A, 1.96 W, 0 %, 0 %, 440 MiB, 0x0000000000000001
2026/05/02 14:58:35.200, 45, N/A, 4.49 W, 0 %, 0 %, 459 MiB, 0x0000000000000001
2026/05/02 14:58:35.706, 45, N/A, 8.83 W, 0 %, 0 %, 459 MiB, 0x0000000000000001
2026/05/02 14:58:36.208, 45, N/A, 18.35 W, 0 %, 0 %, 459 MiB, 0x0000000000000001
2026/05/02 14:58:36.718, 45, N/A, 18.36 W, 0 %, 0 %, 459 MiB, 0x0000000000000001
2026/05/02 14:58:37.219, 45, N/A, 18.36 W, 0 %, 0 %, 459 MiB, 0x0000000000000001
2026/05/02 14:58:37.727, 44, N/A, 16.95 W, 0 %, 0 %, 459 MiB, 0x0000000000000001
2026/05/02 14:58:38.228, 44, N/A, 16.95 W, 0 %, 0 %, 459 MiB, 0x0000000000000001
2026/05/02 14:58:38.731, 44, N/A, 10.49 W, 0 %, 0 %, 459 MiB, 0x0000000000000001
2026/05/02 14:58:39.234, 44, N/A, 10.49 W, 0 %, 0 %, 459 MiB, 0x0000000000000001
2026/05/02 14:58:39.744, 44, N/A, 3.03 W, 0 %, 0 %, 459 MiB, 0x0000000000000001
2026/05/02 14:58:40.245, 44, N/A, 1.96 W, 0 %, 0 %, 459 MiB, 0x0000000000000001
2026/05/02 14:58:40.754, 44, N/A, 1.96 W, 0 %, 0 %, 459 MiB, 0x0000000000000001
2026/05/02 14:58:41.255, 44, N/A, 1.96 W, 0 %, 0 %, 459 MiB, 0x0000000000000001
2026/05/02 14:58:41.766, 44, N/A, 1.96 W, 0 %, 0 %, 459 MiB, 0x0000000000000001
2026/05/02 14:58:42.277, 44, N/A, 1.97 W, 0 %, 0 %, 459 MiB, 0x0000000000000001
2026/05/02 14:58:42.779, 44, N/A, 1.97 W, 0 %, 0 %, 459 MiB, 0x0000000000000001
2026/05/02 14:58:43.285, 44, N/A, 1.96 W, 0 %, 0 %, 459 MiB, 0x0000000000000001
2026/05/02 14:58:43.797, 44, N/A, 2.13 W, 0 %, 0 %, 459 MiB, 0x0000000000000001
2026/05/02 14:58:44.309, 44, N/A, 2.21 W, 0 %, 0 %, 459 MiB, 0x0000000000000001
2026/05/02 14:58:44.815, 44, N/A, 2.37 W, 0 %, 0 %, 459 MiB, 0x0000000000000001
2026/05/02 14:58:45.322, 44, N/A, 2.38 W, 0 %, 0 %, 459 MiB, 0x0000000000000001
2026/05/02 14:58:45.831, 44, N/A, 2.38 W, 0 %, 0 %, 459 MiB, 0x0000000000000001
2026/05/02 14:58:46.347, 44, N/A, 2.12 W, 0 %, 3 %, 534 MiB, 0x0000000000000001
2026/05/02 14:58:46.861, 45, N/A, 19.89 W, 9 %, 0 %, 546 MiB, 0x0000000000000001
2026/05/02 14:58:47.363, 46, N/A, 18.48 W, 0 %, 0 %, 537 MiB, 0x0000000000000001
2026/05/02 14:58:47.867, 46, N/A, 18.99 W, 0 %, 1 %, 561 MiB, 0x0000000000000001
2026/05/02 14:58:48.376, 46, N/A, 18.61 W, 0 %, 1 %, 610 MiB, 0x0000000000000001
2026/05/02 14:58:48.886, 46, N/A, 18.69 W, 0 %, 0 %, 610 MiB, 0x0000000000000001
2026/05/02 14:58:49.392, 46, N/A, 18.69 W, 0 %, 0 %, 610 MiB, 0x0000000000000001
2026/05/02 14:58:49.894, 46, N/A, 18.88 W, 0 %, 0 %, 610 MiB, 0x0000000000000001
2026/05/02 14:58:50.398, 46, N/A, 18.70 W, 0 %, 0 %, 610 MiB, 0x0000000000000001
2026/05/02 14:58:50.903, 46, N/A, 17.52 W, 0 %, 0 %, 617 MiB, 0x0000000000000001
2026/05/02 14:58:51.411, 47, N/A, 19.01 W, 3 %, 1 %, 635 MiB, 0x0000000000000001
2026/05/02 14:58:51.912, 47, N/A, 19.34 W, 1 %, 1 %, 707 MiB, 0x0000000000000001
2026/05/02 14:58:52.414, 47, N/A, 19.95 W, 0 %, 0 %, 773 MiB, 0x0000000000000001
2026/05/02 14:58:52.924, 47, N/A, 18.36 W, 0 %, 0 %, 773 MiB, 0x0000000000000001
2026/05/02 14:58:53.438, 47, N/A, 18.94 W, 0 %, 0 %, 870 MiB, 0x0000000000000001
2026/05/02 14:58:53.938, 47, N/A, 9.15 W, 0 %, 3 %, 870 MiB, 0x0000000000000001
2026/05/02 14:58:54.441, 46, N/A, 8.97 W, 0 %, 3 %, 870 MiB, 0x0000000000000001
2026/05/02 14:58:54.949, 46, N/A, 9.11 W, 0 %, 6 %, 870 MiB, 0x0000000000000001
2026/05/02 14:58:55.457, 46, N/A, 8.88 W, 19 %, 19 %, 886 MiB, 0x0000000000000001
2026/05/02 14:58:55.965, 46, N/A, 5.55 W, 13 %, 9 %, 928 MiB, 0x0000000000000001
2026/05/02 14:58:56.467, 46, N/A, 6.12 W, 75 %, 55 %, 1317 MiB, 0x0000000000000001
2026/05/02 14:58:56.967, 46, N/A, 5.51 W, 0 %, 5 %, 1318 MiB, 0x0000000000000001
2026/05/02 14:58:57.475, 46, N/A, 5.71 W, 14 %, 10 %, 1375 MiB, 0x0000000000000001
2026/05/02 14:58:57.976, 46, N/A, 5.67 W, 8 %, 8 %, 1438 MiB, 0x0000000000000001
2026/05/02 14:58:58.485, 46, N/A, 5.69 W, 11 %, 8 %, 1491 MiB, 0x0000000000000001
2026/05/02 14:58:58.985, 46, N/A, 5.59 W, 11 %, 9 %, 1549 MiB, 0x0000000000000001
2026/05/02 14:58:59.495, 46, N/A, 5.61 W, 11 %, 9 %, 1605 MiB, 0x0000000000000001
2026/05/02 14:59:00.005, 46, N/A, 5.58 W, 7 %, 8 %, 1670 MiB, 0x0000000000000001
2026/05/02 14:59:00.515, 46, N/A, 5.52 W, 10 %, 9 %, 1738 MiB, 0x0000000000000001
2026/05/02 14:59:01.015, 46, N/A, 5.67 W, 11 %, 9 %, 1801 MiB, 0x0000000000000001
2026/05/02 14:59:01.525, 46, N/A, 5.81 W, 47 %, 28 %, 1978 MiB, 0x0000000000000001
2026/05/02 14:59:02.035, 47, N/A, 10.27 W, 55 %, 33 %, 2062 MiB, 0x0000000000000001
2026/05/02 14:59:02.538, 48, N/A, 18.17 W, 1 %, 0 %, 2081 MiB, 0x0000000000000001
2026/05/02 14:59:03.046, 49, N/A, 27.61 W, 22 %, 8 %, 2081 MiB, 0x0000000000000001
2026/05/02 14:59:03.555, 49, N/A, 31.27 W, 26 %, 10 %, 2081 MiB, 0x0000000000000001
2026/05/02 14:59:04.056, 51, N/A, 32.93 W, 33 %, 13 %, 2081 MiB, 0x0000000000000001
2026/05/02 14:59:04.566, 52, N/A, 32.26 W, 24 %, 9 %, 2081 MiB, 0x0000000000000001
2026/05/02 14:59:05.076, 51, N/A, 31.87 W, 38 %, 12 %, 2081 MiB, 0x0000000000000001
2026/05/02 14:59:05.585, 49, N/A, 15.38 W, 0 %, 0 %, 2081 MiB, 0x0000000000000001
2026/05/02 14:59:06.096, 49, N/A, 17.40 W, 74 %, 12 %, 1981 MiB, 0x0000000000000001
2026/05/02 14:59:06.606, 55, N/A, 56.80 W, 34 %, 10 %, 2011 MiB, 0x0000000000000000
2026/05/02 14:59:07.116, 62, N/A, 81.18 W, 94 %, 30 %, 1947 MiB, 0x0000000000000000
2026/05/02 14:59:07.626, 63, N/A, 83.88 W, 95 %, 31 %, 1947 MiB, 0x0000000000000000
2026/05/02 14:59:08.136, 64, N/A, 83.39 W, 96 %, 31 %, 1948 MiB, 0x0000000000000000
2026/05/02 14:59:08.646, 64, N/A, 85.32 W, 96 %, 32 %, 1948 MiB, 0x0000000000000000
2026/05/02 14:59:09.153, 64, N/A, 85.43 W, 96 %, 32 %, 1950 MiB, 0x0000000000000000
2026/05/02 14:59:09.656, 65, N/A, 86.14 W, 96 %, 33 %, 1950 MiB, 0x0000000000000000
2026/05/02 14:59:10.156, 65, N/A, 85.42 W, 96 %, 32 %, 1950 MiB, 0x0000000000000000
2026/05/02 14:59:10.656, 65, N/A, 85.85 W, 96 %, 31 %, 1950 MiB, 0x0000000000000000
2026/05/02 14:59:11.166, 66, N/A, 85.65 W, 95 %, 31 %, 1950 MiB, 0x0000000000000000
2026/05/02 14:59:11.676, 66, N/A, 83.96 W, 95 %, 31 %, 1950 MiB, 0x0000000000000000
2026/05/02 14:59:12.186, 66, N/A, 86.56 W, 96 %, 32 %, 1950 MiB, 0x0000000000000000
2026/05/02 14:59:12.696, 67, N/A, 86.17 W, 96 %, 32 %, 1950 MiB, 0x0000000000000000
2026/05/02 14:59:13.206, 67, N/A, 86.16 W, 96 %, 32 %, 1950 MiB, 0x0000000000000000
2026/05/02 14:59:13.716, 67, N/A, 82.38 W, 96 %, 32 %, 1950 MiB, 0x0000000000000000
2026/05/02 14:59:14.226, 68, N/A, 86.89 W, 96 %, 32 %, 1950 MiB, 0x0000000000000000
2026/05/02 14:59:14.736, 68, N/A, 86.50 W, 96 %, 31 %, 1950 MiB, 0x0000000000000000
2026/05/02 14:59:15.236, 68, N/A, 85.35 W, 96 %, 32 %, 1950 MiB, 0x0000000000000000
2026/05/02 14:59:15.746, 68, N/A, 87.20 W, 96 %, 32 %, 1950 MiB, 0x0000000000000000
2026/05/02 14:59:16.256, 68, N/A, 89.42 W, 96 %, 35 %, 1952 MiB, 0x0000000000000000
2026/05/02 14:59:16.757, 69, N/A, 88.53 W, 96 %, 35 %, 1952 MiB, 0x0000000000000000
2026/05/02 14:59:17.266, 69, N/A, 88.54 W, 96 %, 35 %, 1952 MiB, 0x0000000000000000
2026/05/02 14:59:17.776, 69, N/A, 88.62 W, 96 %, 35 %, 1952 MiB, 0x0000000000000000
2026/05/02 14:59:18.286, 69, N/A, 91.25 W, 96 %, 35 %, 1952 MiB, 0x0000000000000000
2026/05/02 14:59:18.797, 70, N/A, 88.95 W, 96 %, 35 %, 1952 MiB, 0x0000000000000000
2026/05/02 14:59:19.307, 70, N/A, 88.62 W, 96 %, 35 %, 1952 MiB, 0x0000000000000000
2026/05/02 14:59:19.807, 70, N/A, 88.76 W, 96 %, 35 %, 1952 MiB, 0x0000000000000000
2026/05/02 14:59:20.308, 70, N/A, 88.91 W, 96 %, 35 %, 1952 MiB, 0x0000000000000000
2026/05/02 14:59:20.817, 70, N/A, 89.15 W, 96 %, 35 %, 1952 MiB, 0x0000000000000000
2026/05/02 14:59:21.327, 71, N/A, 89.18 W, 96 %, 35 %, 1952 MiB, 0x0000000000000000
2026/05/02 14:59:21.837, 71, N/A, 89.56 W, 96 %, 35 %, 1952 MiB, 0x0000000000000000
2026/05/02 14:59:22.339, 72, N/A, 89.26 W, 96 %, 35 %, 1952 MiB, 0x0000000000000000
2026/05/02 14:59:22.847, 71, N/A, 89.16 W, 96 %, 34 %, 1953 MiB, 0x0000000000000000
2026/05/02 14:59:23.357, 71, N/A, 88.50 W, 96 %, 36 %, 1953 MiB, 0x0000000000000000
2026/05/02 14:59:23.857, 71, N/A, 88.02 W, 97 %, 37 %, 1953 MiB, 0x0000000000000000
2026/05/02 14:59:24.367, 72, N/A, 88.28 W, 97 %, 38 %, 1953 MiB, 0x0000000000000000
2026/05/02 14:59:24.877, 72, N/A, 88.51 W, 97 %, 39 %, 1953 MiB, 0x0000000000000000
2026/05/02 14:59:25.377, 72, N/A, 89.64 W, 96 %, 39 %, 1953 MiB, 0x0000000000000000
2026/05/02 14:59:25.887, 72, N/A, 103.21 W, 97 %, 38 %, 1953 MiB, 0x0000000000000000
2026/05/02 14:59:26.387, 72, N/A, 88.68 W, 97 %, 37 %, 1953 MiB, 0x0000000000000000
2026/05/02 14:59:26.897, 72, N/A, 88.45 W, 96 %, 37 %, 1953 MiB, 0x0000000000000000
2026/05/02 14:59:27.407, 72, N/A, 88.12 W, 97 %, 37 %, 1953 MiB, 0x0000000000000000
2026/05/02 14:59:27.907, 73, N/A, 88.12 W, 97 %, 37 %, 1953 MiB, 0x0000000000000000
2026/05/02 14:59:28.417, 73, N/A, 88.03 W, 97 %, 37 %, 1953 MiB, 0x0000000000000000
2026/05/02 14:59:28.917, 73, N/A, 89.79 W, 97 %, 37 %, 1953 MiB, 0x0000000000000000
2026/05/02 14:59:29.421, 73, N/A, 88.31 W, 97 %, 37 %, 1953 MiB, 0x0000000000000000
2026/05/02 14:59:29.927, 73, N/A, 88.01 W, 97 %, 37 %, 1953 MiB, 0x0000000000000000
2026/05/02 14:59:30.438, 74, N/A, 88.12 W, 97 %, 38 %, 1953 MiB, 0x0000000000000000
2026/05/02 14:59:30.948, 74, N/A, 88.85 W, 97 %, 38 %, 1953 MiB, 0x0000000000000000
2026/05/02 14:59:31.453, 74, N/A, 88.32 W, 97 %, 37 %, 1953 MiB, 0x0000000000000000
2026/05/02 14:59:31.958, 74, N/A, 88.33 W, 97 %, 37 %, 1953 MiB, 0x0000000000000000
2026/05/02 14:59:32.468, 74, N/A, 88.95 W, 97 %, 38 %, 1953 MiB, 0x0000000000000000
2026/05/02 14:59:32.977, 74, N/A, 88.06 W, 97 %, 38 %, 1953 MiB, 0x0000000000000000
2026/05/02 14:59:33.488, 75, N/A, 88.64 W, 97 %, 38 %, 1953 MiB, 0x0000000000000000
2026/05/02 14:59:33.998, 75, N/A, 88.79 W, 97 %, 38 %, 1953 MiB, 0x0000000000000000
2026/05/02 14:59:34.498, 75, N/A, 88.95 W, 96 %, 38 %, 1953 MiB, 0x0000000000000000
2026/05/02 14:59:35.003, 75, N/A, 88.46 W, 96 %, 37 %, 1953 MiB, 0x0000000000000000
2026/05/02 14:59:35.508, 75, N/A, 88.93 W, 96 %, 37 %, 1953 MiB, 0x0000000000000000
2026/05/02 14:59:36.018, 75, N/A, 89.62 W, 96 %, 37 %, 1953 MiB, 0x0000000000000000
2026/05/02 14:59:36.518, 75, N/A, 89.56 W, 96 %, 37 %, 1953 MiB, 0x0000000000000000
2026/05/02 14:59:37.028, 75, N/A, 89.83 W, 96 %, 37 %, 1953 MiB, 0x0000000000000000
2026/05/02 14:59:37.528, 76, N/A, 89.77 W, 96 %, 38 %, 1953 MiB, 0x0000000000000000
2026/05/02 14:59:38.038, 75, N/A, 89.20 W, 96 %, 37 %, 1953 MiB, 0x0000000000000000
2026/05/02 14:59:38.548, 76, N/A, 88.96 W, 97 %, 37 %, 1953 MiB, 0x0000000000000000
2026/05/02 14:59:39.058, 76, N/A, 89.41 W, 96 %, 37 %, 1953 MiB, 0x0000000000000000
2026/05/02 14:59:39.568, 76, N/A, 90.46 W, 97 %, 37 %, 1953 MiB, 0x0000000000000000
2026/05/02 14:59:40.078, 77, N/A, 89.35 W, 97 %, 36 %, 1953 MiB, 0x0000000000000000
2026/05/02 14:59:40.588, 76, N/A, 89.71 W, 96 %, 36 %, 1953 MiB, 0x0000000000000000
2026/05/02 14:59:41.098, 77, N/A, 89.73 W, 96 %, 37 %, 1953 MiB, 0x0000000000000000
2026/05/02 14:59:41.608, 77, N/A, 89.76 W, 96 %, 37 %, 1953 MiB, 0x0000000000000000
2026/05/02 14:59:42.108, 77, N/A, 91.79 W, 96 %, 36 %, 1953 MiB, 0x0000000000000000
2026/05/02 14:59:42.618, 77, N/A, 90.06 W, 97 %, 37 %, 1953 MiB, 0x0000000000000000
2026/05/02 14:59:43.118, 77, N/A, 89.96 W, 97 %, 37 %, 1953 MiB, 0x0000000000000000
2026/05/02 14:59:43.628, 77, N/A, 89.85 W, 97 %, 37 %, 1953 MiB, 0x0000000000000000
2026/05/02 14:59:44.138, 77, N/A, 89.79 W, 97 %, 37 %, 1953 MiB, 0x0000000000000000
2026/05/02 14:59:44.638, 77, N/A, 89.67 W, 97 %, 37 %, 1953 MiB, 0x0000000000000000
2026/05/02 14:59:45.148, 77, N/A, 90.58 W, 97 %, 37 %, 1953 MiB, 0x0000000000000000
2026/05/02 14:59:45.649, 77, N/A, 89.64 W, 97 %, 36 %, 1953 MiB, 0x0000000000000000
2026/05/02 14:59:46.157, 78, N/A, 89.66 W, 97 %, 36 %, 1953 MiB, 0x0000000000000000
2026/05/02 14:59:46.659, 78, N/A, 89.35 W, 97 %, 35 %, 1953 MiB, 0x0000000000000000
2026/05/02 14:59:47.169, 78, N/A, 89.52 W, 96 %, 35 %, 1953 MiB, 0x0000000000000000
2026/05/02 14:59:47.678, 78, N/A, 90.06 W, 97 %, 35 %, 1953 MiB, 0x0000000000000000
2026/05/02 14:59:48.189, 78, N/A, 90.47 W, 97 %, 35 %, 1953 MiB, 0x0000000000000000
2026/05/02 14:59:48.698, 78, N/A, 90.06 W, 97 %, 34 %, 1953 MiB, 0x0000000000000000
2026/05/02 14:59:49.199, 79, N/A, 89.55 W, 97 %, 35 %, 1953 MiB, 0x0000000000000000
2026/05/02 14:59:49.708, 78, N/A, 89.76 W, 97 %, 35 %, 1953 MiB, 0x0000000000000000
2026/05/02 14:59:50.219, 79, N/A, 90.04 W, 97 %, 34 %, 1953 MiB, 0x0000000000000000
2026/05/02 14:59:50.729, 79, N/A, 90.18 W, 97 %, 35 %, 1953 MiB, 0x0000000000000000
2026/05/02 14:59:51.229, 79, N/A, 90.07 W, 97 %, 35 %, 1953 MiB, 0x0000000000000000
2026/05/02 14:59:51.738, 78, N/A, 90.01 W, 90 %, 33 %, 1953 MiB, 0x0000000000000000
2026/05/02 14:59:52.239, 79, N/A, 90.24 W, 96 %, 36 %, 1953 MiB, 0x0000000000000000
2026/05/02 14:59:52.749, 79, N/A, 90.42 W, 97 %, 36 %, 1953 MiB, 0x0000000000000000
2026/05/02 14:59:53.259, 79, N/A, 90.81 W, 96 %, 36 %, 1953 MiB, 0x0000000000000000
2026/05/02 14:59:53.769, 79, N/A, 90.45 W, 96 %, 37 %, 1953 MiB, 0x0000000000000000
2026/05/02 14:59:54.279, 79, N/A, 90.24 W, 96 %, 36 %, 1953 MiB, 0x0000000000000000
2026/05/02 14:59:54.789, 79, N/A, 90.04 W, 96 %, 36 %, 1953 MiB, 0x0000000000000000
2026/05/02 14:59:55.289, 79, N/A, 89.50 W, 96 %, 36 %, 1953 MiB, 0x0000000000000000
2026/05/02 14:59:55.799, 79, N/A, 89.35 W, 96 %, 36 %, 1953 MiB, 0x0000000000000000
2026/05/02 14:59:56.309, 80, N/A, 88.98 W, 96 %, 36 %, 1953 MiB, 0x0000000000000000
2026/05/02 14:59:56.819, 79, N/A, 91.76 W, 96 %, 36 %, 1953 MiB, 0x0000000000000000
2026/05/02 14:59:57.329, 80, N/A, 89.58 W, 96 %, 36 %, 1953 MiB, 0x0000000000000000
2026/05/02 14:59:57.839, 80, N/A, 89.85 W, 96 %, 35 %, 1953 MiB, 0x0000000000000000
2026/05/02 14:59:58.339, 80, N/A, 89.82 W, 96 %, 36 %, 1953 MiB, 0x0000000000000000
2026/05/02 14:59:58.849, 79, N/A, 89.65 W, 96 %, 36 %, 1953 MiB, 0x0000000000000000
2026/05/02 14:59:59.352, 80, N/A, 89.51 W, 96 %, 36 %, 1953 MiB, 0x0000000000000000
2026/05/02 14:59:59.859, 81, N/A, 89.90 W, 96 %, 36 %, 1953 MiB, 0x0000000000000000
2026/05/02 15:00:00.369, 81, N/A, 90.41 W, 96 %, 37 %, 1953 MiB, 0x0000000000000000
2026/05/02 15:00:00.880, 81, N/A, 90.99 W, 96 %, 36 %, 1953 MiB, 0x0000000000000000
2026/05/02 15:00:01.383, 80, N/A, 91.20 W, 96 %, 36 %, 1953 MiB, 0x0000000000000000
2026/05/02 15:00:01.890, 81, N/A, 91.38 W, 96 %, 36 %, 1953 MiB, 0x0000000000000000
2026/05/02 15:00:02.393, 81, N/A, 91.20 W, 96 %, 35 %, 1953 MiB, 0x0000000000000000
2026/05/02 15:00:02.900, 81, N/A, 90.60 W, 96 %, 34 %, 1944 MiB, 0x0000000000000000
2026/05/02 15:00:03.403, 80, N/A, 85.56 W, 93 %, 29 %, 1944 MiB, 0x0000000000000000
2026/05/02 15:00:03.910, 81, N/A, 88.54 W, 95 %, 29 %, 1944 MiB, 0x0000000000000000
2026/05/02 15:00:04.420, 81, N/A, 88.95 W, 96 %, 30 %, 1944 MiB, 0x0000000000000000
2026/05/02 15:00:04.930, 81, N/A, 88.76 W, 96 %, 29 %, 1944 MiB, 0x0000000000000000
2026/05/02 15:00:05.430, 81, N/A, 89.22 W, 96 %, 30 %, 1944 MiB, 0x0000000000000000
2026/05/02 15:00:05.940, 81, N/A, 88.35 W, 95 %, 29 %, 1944 MiB, 0x0000000000000000
2026/05/02 15:00:06.450, 81, N/A, 88.45 W, 95 %, 29 %, 1944 MiB, 0x0000000000000000
2026/05/02 15:00:06.960, 81, N/A, 88.50 W, 95 %, 29 %, 1944 MiB, 0x0000000000000000
2026/05/02 15:00:07.465, 81, N/A, 88.38 W, 95 %, 29 %, 1944 MiB, 0x0000000000000000
2026/05/02 15:00:07.970, 81, N/A, 88.40 W, 96 %, 30 %, 1944 MiB, 0x0000000000000000
2026/05/02 15:00:08.475, 81, N/A, 88.52 W, 95 %, 30 %, 1944 MiB, 0x0000000000000000
2026/05/02 15:00:08.980, 81, N/A, 90.04 W, 95 %, 30 %, 1944 MiB, 0x0000000000000000
2026/05/02 15:00:09.480, 81, N/A, 86.74 W, 96 %, 29 %, 1944 MiB, 0x0000000000000000
2026/05/02 15:00:09.990, 81, N/A, 88.64 W, 96 %, 29 %, 1944 MiB, 0x0000000000000000
2026/05/02 15:00:10.500, 81, N/A, 88.50 W, 96 %, 36 %, 1953 MiB, 0x0000000000000000
2026/05/02 15:00:11.010, 82, N/A, 88.51 W, 96 %, 37 %, 1953 MiB, 0x0000000000000000
2026/05/02 15:00:11.510, 82, N/A, 88.39 W, 96 %, 36 %, 1944 MiB, 0x0000000000000000
2026/05/02 15:00:12.020, 81, N/A, 89.07 W, 96 %, 37 %, 1944 MiB, 0x0000000000000000
2026/05/02 15:00:12.524, 81, N/A, 89.03 W, 96 %, 38 %, 1944 MiB, 0x0000000000000000
2026/05/02 15:00:13.030, 81, N/A, 88.82 W, 96 %, 38 %, 1944 MiB, 0x0000000000000000
2026/05/02 15:00:13.530, 81, N/A, 88.52 W, 97 %, 39 %, 1953 MiB, 0x0000000000000000
2026/05/02 15:00:14.041, 82, N/A, 88.94 W, 96 %, 39 %, 1953 MiB, 0x0000000000000000
2026/05/02 15:00:14.548, 82, N/A, 88.70 W, 96 %, 40 %, 1953 MiB, 0x0000000000000000
2026/05/02 15:00:15.051, 82, N/A, 89.07 W, 96 %, 39 %, 1953 MiB, 0x0000000000000000
2026/05/02 15:00:15.560, 82, N/A, 89.31 W, 96 %, 39 %, 1953 MiB, 0x0000000000000000
2026/05/02 15:00:16.061, 82, N/A, 89.29 W, 97 %, 39 %, 1953 MiB, 0x0000000000000000
2026/05/02 15:00:16.570, 82, N/A, 89.43 W, 97 %, 39 %, 1953 MiB, 0x0000000000000000
2026/05/02 15:00:17.071, 82, N/A, 90.38 W, 97 %, 39 %, 1953 MiB, 0x0000000000000000
2026/05/02 15:00:17.581, 82, N/A, 94.42 W, 97 %, 38 %, 1953 MiB, 0x0000000000000000
2026/05/02 15:00:18.091, 82, N/A, 89.79 W, 97 %, 39 %, 1953 MiB, 0x0000000000000000
2026/05/02 15:00:18.600, 82, N/A, 88.48 W, 97 %, 38 %, 1953 MiB, 0x0000000000000000
2026/05/02 15:00:19.101, 82, N/A, 89.53 W, 97 %, 38 %, 1953 MiB, 0x0000000000000000
2026/05/02 15:00:19.611, 82, N/A, 89.42 W, 97 %, 38 %, 1953 MiB, 0x0000000000000000
2026/05/02 15:00:20.116, 82, N/A, 91.64 W, 97 %, 39 %, 1953 MiB, 0x0000000000000000
2026/05/02 15:00:20.621, 82, N/A, 90.67 W, 97 %, 38 %, 1953 MiB, 0x0000000000000000
2026/05/02 15:00:21.121, 82, N/A, 90.42 W, 97 %, 39 %, 1953 MiB, 0x0000000000000000
2026/05/02 15:00:21.621, 82, N/A, 90.35 W, 96 %, 38 %, 1953 MiB, 0x0000000000000000
2026/05/02 15:00:22.131, 82, N/A, 95.84 W, 97 %, 38 %, 1953 MiB, 0x0000000000000000
2026/05/02 15:00:22.641, 82, N/A, 90.11 W, 97 %, 38 %, 1953 MiB, 0x0000000000000000
2026/05/02 15:00:23.151, 82, N/A, 90.06 W, 97 %, 38 %, 1953 MiB, 0x0000000000000000
2026/05/02 15:00:23.661, 82, N/A, 90.23 W, 97 %, 38 %, 1953 MiB, 0x0000000000000000
2026/05/02 15:00:24.164, 82, N/A, 90.40 W, 97 %, 37 %, 1953 MiB, 0x0000000000000000
2026/05/02 15:00:24.671, 82, N/A, 90.60 W, 97 %, 38 %, 1953 MiB, 0x0000000000000000
2026/05/02 15:00:25.181, 82, N/A, 90.43 W, 96 %, 37 %, 1953 MiB, 0x0000000000000000
2026/05/02 15:00:25.691, 83, N/A, 90.31 W, 97 %, 38 %, 1953 MiB, 0x0000000000000000
2026/05/02 15:00:26.191, 83, N/A, 90.23 W, 96 %, 38 %, 1953 MiB, 0x0000000000000000
2026/05/02 15:00:26.691, 83, N/A, 90.68 W, 97 %, 39 %, 1953 MiB, 0x0000000000000000
2026/05/02 15:00:27.201, 82, N/A, 90.83 W, 97 %, 38 %, 1953 MiB, 0x0000000000000000
2026/05/02 15:00:27.711, 83, N/A, 90.83 W, 97 %, 38 %, 1953 MiB, 0x0000000000000000
2026/05/02 15:00:28.221, 82, N/A, 90.70 W, 97 %, 39 %, 1953 MiB, 0x0000000000000000
2026/05/02 15:00:28.732, 82, N/A, 90.49 W, 97 %, 38 %, 1953 MiB, 0x0000000000000000
2026/05/02 15:00:29.241, 82, N/A, 90.08 W, 97 %, 38 %, 1953 MiB, 0x0000000000000000
2026/05/02 15:00:29.742, 82, N/A, 90.42 W, 97 %, 38 %, 1953 MiB, 0x0000000000000004
2026/05/02 15:00:30.251, 83, N/A, 90.48 W, 97 %, 38 %, 1953 MiB, 0x0000000000000000
2026/05/02 15:00:30.752, 83, N/A, 90.44 W, 97 %, 38 %, 1953 MiB, 0x0000000000000000
2026/05/02 15:00:31.262, 83, N/A, 90.46 W, 97 %, 38 %, 1953 MiB, 0x0000000000000000
2026/05/02 15:00:31.772, 83, N/A, 90.39 W, 96 %, 38 %, 1953 MiB, 0x0000000000000000
2026/05/02 15:00:32.281, 83, N/A, 90.25 W, 97 %, 38 %, 1953 MiB, 0x0000000000000000
2026/05/02 15:00:32.792, 83, N/A, 90.07 W, 96 %, 38 %, 1953 MiB, 0x0000000000000000
2026/05/02 15:00:33.302, 83, N/A, 90.00 W, 97 %, 38 %, 1953 MiB, 0x0000000000000000
2026/05/02 15:00:33.802, 83, N/A, 90.17 W, 97 %, 38 %, 1953 MiB, 0x0000000000000000
2026/05/02 15:00:34.313, 83, N/A, 89.50 W, 96 %, 38 %, 1953 MiB, 0x0000000000000000
2026/05/02 15:00:34.822, 83, N/A, 88.95 W, 96 %, 37 %, 1951 MiB, 0x0000000000000000
2026/05/02 15:00:35.332, 83, N/A, 90.45 W, 96 %, 36 %, 1951 MiB, 0x0000000000000004
2026/05/02 15:00:35.832, 84, N/A, 92.37 W, 97 %, 40 %, 1951 MiB, 0x0000000000000004
2026/05/02 15:00:36.342, 84, N/A, 94.11 W, 97 %, 40 %, 1951 MiB, 0x0000000000000004
2026/05/02 15:00:36.842, 83, N/A, 94.69 W, 96 %, 40 %, 1951 MiB, 0x0000000000000004
2026/05/02 15:00:37.352, 84, N/A, 94.42 W, 97 %, 41 %, 1951 MiB, 0x0000000000000004
2026/05/02 15:00:37.862, 83, N/A, 94.48 W, 97 %, 41 %, 1951 MiB, 0x0000000000000004
2026/05/02 15:00:38.372, 84, N/A, 94.57 W, 97 %, 41 %, 1951 MiB, 0x0000000000000004
2026/05/02 15:00:38.874, 84, N/A, 94.61 W, 97 %, 42 %, 1951 MiB, 0x0000000000000004
2026/05/02 15:00:39.382, 84, N/A, 94.59 W, 97 %, 41 %, 1951 MiB, 0x0000000000000004
2026/05/02 15:00:39.882, 84, N/A, 94.72 W, 97 %, 41 %, 1951 MiB, 0x0000000000000004
2026/05/02 15:00:40.392, 84, N/A, 94.76 W, 97 %, 42 %, 1951 MiB, 0x0000000000000004
2026/05/02 15:00:40.902, 84, N/A, 94.54 W, 97 %, 42 %, 1951 MiB, 0x0000000000000004
2026/05/02 15:00:41.412, 84, N/A, 94.64 W, 96 %, 41 %, 1951 MiB, 0x0000000000000004
2026/05/02 15:00:41.923, 84, N/A, 94.84 W, 96 %, 41 %, 1951 MiB, 0x0000000000000004
2026/05/02 15:00:42.433, 85, N/A, 94.83 W, 96 %, 41 %, 1951 MiB, 0x0000000000000004
2026/05/02 15:00:42.942, 84, N/A, 94.15 W, 96 %, 39 %, 1953 MiB, 0x0000000000000000
2026/05/02 15:00:43.453, 83, N/A, 92.96 W, 97 %, 41 %, 1953 MiB, 0x0000000000000000
2026/05/02 15:00:43.962, 84, N/A, 92.76 W, 97 %, 41 %, 1953 MiB, 0x0000000000000004
2026/05/02 15:00:44.462, 84, N/A, 93.11 W, 97 %, 40 %, 1953 MiB, 0x0000000000000000
2026/05/02 15:00:44.973, 84, N/A, 93.14 W, 96 %, 40 %, 1953 MiB, 0x0000000000000004
2026/05/02 15:00:45.483, 84, N/A, 93.16 W, 97 %, 40 %, 1953 MiB, 0x0000000000000000
2026/05/02 15:00:45.993, 84, N/A, 93.14 W, 97 %, 40 %, 1953 MiB, 0x0000000000000004
2026/05/02 15:00:46.503, 84, N/A, 93.28 W, 97 %, 40 %, 1953 MiB, 0x0000000000000000
2026/05/02 15:00:47.013, 84, N/A, 93.38 W, 97 %, 40 %, 1953 MiB, 0x0000000000000000
2026/05/02 15:00:47.513, 84, N/A, 93.51 W, 97 %, 40 %, 1961 MiB, 0x0000000000000000
2026/05/02 15:00:48.023, 84, N/A, 93.07 W, 97 %, 40 %, 1953 MiB, 0x0000000000000004
2026/05/02 15:00:48.533, 84, N/A, 93.17 W, 97 %, 40 %, 1953 MiB, 0x0000000000000004
2026/05/02 15:00:49.043, 84, N/A, 93.68 W, 97 %, 40 %, 1953 MiB, 0x0000000000000004
2026/05/02 15:00:49.553, 84, N/A, 93.64 W, 97 %, 40 %, 1953 MiB, 0x0000000000000000
2026/05/02 15:00:50.063, 84, N/A, 93.51 W, 97 %, 40 %, 1953 MiB, 0x0000000000000004
2026/05/02 15:00:50.573, 84, N/A, 93.54 W, 97 %, 39 %, 1955 MiB, 0x0000000000000000
2026/05/02 15:00:51.073, 84, N/A, 92.71 W, 97 %, 35 %, 1954 MiB, 0x0000000000000000
2026/05/02 15:00:51.583, 83, N/A, 90.61 W, 97 %, 36 %, 1954 MiB, 0x0000000000000000
2026/05/02 15:00:52.093, 83, N/A, 89.20 W, 97 %, 36 %, 1954 MiB, 0x0000000000000000
2026/05/02 15:00:52.600, 84, N/A, 90.95 W, 97 %, 38 %, 1954 MiB, 0x0000000000000004
2026/05/02 15:00:53.103, 84, N/A, 91.44 W, 97 %, 37 %, 1954 MiB, 0x0000000000000004
2026/05/02 15:00:53.613, 84, N/A, 91.80 W, 97 %, 37 %, 1954 MiB, 0x0000000000000000
2026/05/02 15:00:54.123, 83, N/A, 91.76 W, 97 %, 37 %, 1954 MiB, 0x0000000000000000
2026/05/02 15:00:54.624, 84, N/A, 91.78 W, 97 %, 38 %, 1954 MiB, 0x0000000000000004
2026/05/02 15:00:55.133, 84, N/A, 92.06 W, 96 %, 38 %, 1954 MiB, 0x0000000000000000
2026/05/02 15:00:55.634, 83, N/A, 92.58 W, 97 %, 38 %, 1954 MiB, 0x0000000000000000
2026/05/02 15:00:56.143, 84, N/A, 92.62 W, 97 %, 37 %, 1954 MiB, 0x0000000000000000
2026/05/02 15:00:56.644, 83, N/A, 92.42 W, 97 %, 36 %, 1954 MiB, 0x0000000000000000
2026/05/02 15:00:57.153, 84, N/A, 92.72 W, 97 %, 38 %, 1954 MiB, 0x0000000000000000
2026/05/02 15:00:57.654, 84, N/A, 92.88 W, 97 %, 37 %, 1954 MiB, 0x0000000000000000
2026/05/02 15:00:58.163, 84, N/A, 92.90 W, 96 %, 36 %, 1954 MiB, 0x0000000000000000
2026/05/02 15:00:58.674, 84, N/A, 92.82 W, 97 %, 37 %, 1954 MiB, 0x0000000000000000
2026/05/02 15:00:59.183, 84, N/A, 92.81 W, 96 %, 38 %, 1954 MiB, 0x0000000000000000
2026/05/02 15:00:59.684, 84, N/A, 93.08 W, 97 %, 38 %, 1954 MiB, 0x0000000000000000
2026/05/02 15:01:00.194, 84, N/A, 93.20 W, 97 %, 38 %, 1954 MiB, 0x0000000000000000
2026/05/02 15:01:00.704, 84, N/A, 93.19 W, 96 %, 38 %, 1954 MiB, 0x0000000000000000
2026/05/02 15:01:01.214, 84, N/A, 92.91 W, 96 %, 37 %, 1954 MiB, 0x0000000000000000
2026/05/02 15:01:01.724, 84, N/A, 92.64 W, 97 %, 38 %, 1954 MiB, 0x0000000000000004
2026/05/02 15:01:02.234, 84, N/A, 92.64 W, 97 %, 37 %, 1954 MiB, 0x0000000000000000
2026/05/02 15:01:02.744, 84, N/A, 91.97 W, 96 %, 36 %, 1954 MiB, 0x0000000000000000
2026/05/02 15:01:03.244, 84, N/A, 91.71 W, 97 %, 38 %, 1954 MiB, 0x0000000000000000
2026/05/02 15:01:03.754, 84, N/A, 92.07 W, 96 %, 38 %, 1954 MiB, 0x0000000000000000
2026/05/02 15:01:04.264, 84, N/A, 92.28 W, 97 %, 38 %, 1954 MiB, 0x0000000000000000
2026/05/02 15:01:04.774, 84, N/A, 92.09 W, 97 %, 38 %, 1954 MiB, 0x0000000000000000
2026/05/02 15:01:05.284, 84, N/A, 91.88 W, 96 %, 37 %, 1954 MiB, 0x0000000000000000
2026/05/02 15:01:05.784, 84, N/A, 91.58 W, 96 %, 36 %, 1954 MiB, 0x0000000000000000
2026/05/02 15:01:06.294, 84, N/A, 91.57 W, 96 %, 37 %, 1954 MiB, 0x0000000000000004
2026/05/02 15:01:06.804, 84, N/A, 91.66 W, 96 %, 36 %, 1951 MiB, 0x0000000000000000
2026/05/02 15:01:07.304, 84, N/A, 92.27 W, 97 %, 39 %, 1951 MiB, 0x0000000000000000
2026/05/02 15:01:07.814, 84, N/A, 93.26 W, 96 %, 40 %, 1951 MiB, 0x0000000000000000
2026/05/02 15:01:08.314, 85, N/A, 94.11 W, 97 %, 40 %, 1952 MiB, 0x0000000000000004
2026/05/02 15:01:08.824, 84, N/A, 94.48 W, 97 %, 41 %, 1952 MiB, 0x0000000000000004
2026/05/02 15:01:09.334, 85, N/A, 94.70 W, 97 %, 41 %, 1952 MiB, 0x0000000000000004
2026/05/02 15:01:09.834, 85, N/A, 94.49 W, 96 %, 41 %, 1952 MiB, 0x0000000000000004
2026/05/02 15:01:10.344, 85, N/A, 94.55 W, 97 %, 40 %, 1952 MiB, 0x0000000000000004
2026/05/02 15:01:10.845, 85, N/A, 94.72 W, 97 %, 40 %, 1952 MiB, 0x0000000000000004
2026/05/02 15:01:11.354, 85, N/A, 94.64 W, 97 %, 40 %, 1952 MiB, 0x0000000000000004
2026/05/02 15:01:11.864, 84, N/A, 94.59 W, 97 %, 40 %, 1952 MiB, 0x0000000000000004
2026/05/02 15:01:12.365, 85, N/A, 94.72 W, 97 %, 40 %, 1952 MiB, 0x0000000000000004
2026/05/02 15:01:12.874, 85, N/A, 94.61 W, 97 %, 40 %, 1952 MiB, 0x0000000000000004
2026/05/02 15:01:13.377, 85, N/A, 94.70 W, 97 %, 40 %, 1952 MiB, 0x0000000000000004
2026/05/02 15:01:13.884, 84, N/A, 94.49 W, 96 %, 40 %, 1952 MiB, 0x0000000000000004
2026/05/02 15:01:14.385, 85, N/A, 94.37 W, 97 %, 39 %, 1952 MiB, 0x0000000000000000
2026/05/02 15:01:14.894, 85, N/A, 94.07 W, 97 %, 38 %, 1954 MiB, 0x0000000000000004
2026/05/02 15:01:15.395, 84, N/A, 92.68 W, 97 %, 37 %, 1954 MiB, 0x0000000000000000
2026/05/02 15:01:15.895, 84, N/A, 92.42 W, 97 %, 39 %, 1954 MiB, 0x0000000000000004
2026/05/02 15:01:16.397, 84, N/A, 93.68 W, 97 %, 38 %, 1954 MiB, 0x0000000000000004
2026/05/02 15:01:16.903, 85, N/A, 94.12 W, 97 %, 39 %, 1954 MiB, 0x0000000000000004
2026/05/02 15:01:17.408, 84, N/A, 94.49 W, 97 %, 39 %, 1954 MiB, 0x0000000000000000
2026/05/02 15:01:17.915, 85, N/A, 94.54 W, 97 %, 39 %, 1954 MiB, 0x0000000000000004
2026/05/02 15:01:18.415, 84, N/A, 94.48 W, 97 %, 39 %, 1954 MiB, 0x0000000000000004
2026/05/02 15:01:18.925, 84, N/A, 94.44 W, 97 %, 39 %, 1954 MiB, 0x0000000000000000
2026/05/02 15:01:19.429, 85, N/A, 94.42 W, 97 %, 39 %, 1954 MiB, 0x0000000000000004
2026/05/02 15:01:19.935, 85, N/A, 94.40 W, 97 %, 39 %, 1954 MiB, 0x0000000000000004
2026/05/02 15:01:20.445, 84, N/A, 94.57 W, 97 %, 39 %, 1954 MiB, 0x0000000000000004
2026/05/02 15:01:20.955, 84, N/A, 94.52 W, 97 %, 39 %, 1954 MiB, 0x0000000000000000
2026/05/02 15:01:21.459, 85, N/A, 94.47 W, 97 %, 39 %, 1954 MiB, 0x0000000000000004
2026/05/02 15:01:21.965, 85, N/A, 94.40 W, 97 %, 39 %, 1954 MiB, 0x0000000000000004
2026/05/02 15:01:22.475, 85, N/A, 94.26 W, 97 %, 38 %, 1955 MiB, 0x0000000000000000
2026/05/02 15:01:22.985, 85, N/A, 93.15 W, 97 %, 36 %, 1955 MiB, 0x0000000000000000
2026/05/02 15:01:23.495, 84, N/A, 92.12 W, 97 %, 37 %, 1955 MiB, 0x0000000000000000
2026/05/02 15:01:24.006, 85, N/A, 92.09 W, 97 %, 36 %, 1955 MiB, 0x0000000000000000
2026/05/02 15:01:24.515, 84, N/A, 92.17 W, 96 %, 37 %, 1955 MiB, 0x0000000000000000
2026/05/02 15:01:25.016, 84, N/A, 92.07 W, 96 %, 36 %, 1955 MiB, 0x0000000000000000
2026/05/02 15:01:25.525, 84, N/A, 91.95 W, 96 %, 36 %, 1955 MiB, 0x0000000000000000
2026/05/02 15:01:26.035, 85, N/A, 91.97 W, 97 %, 37 %, 1955 MiB, 0x0000000000000000
2026/05/02 15:01:26.545, 85, N/A, 91.96 W, 96 %, 37 %, 1955 MiB, 0x0000000000000000
2026/05/02 15:01:27.046, 84, N/A, 91.93 W, 96 %, 37 %, 1955 MiB, 0x0000000000000004
2026/05/02 15:01:27.556, 84, N/A, 91.80 W, 96 %, 36 %, 1955 MiB, 0x0000000000000000
2026/05/02 15:01:28.056, 84, N/A, 91.77 W, 97 %, 37 %, 1955 MiB, 0x0000000000000000
2026/05/02 15:01:28.566, 84, N/A, 91.77 W, 96 %, 37 %, 1955 MiB, 0x0000000000000000
2026/05/02 15:01:29.076, 84, N/A, 91.86 W, 96 %, 37 %, 1955 MiB, 0x0000000000000000
2026/05/02 15:01:29.585, 84, N/A, 91.83 W, 96 %, 37 %, 1955 MiB, 0x0000000000000000
2026/05/02 15:01:30.095, 84, N/A, 91.62 W, 96 %, 36 %, 1955 MiB, 0x0000000000000000
2026/05/02 15:01:30.603, 84, N/A, 91.39 W, 96 %, 36 %, 1954 MiB, 0x0000000000000000
2026/05/02 15:01:31.106, 84, N/A, 91.65 W, 97 %, 39 %, 1954 MiB, 0x0000000000000000
2026/05/02 15:01:31.616, 84, N/A, 92.45 W, 97 %, 39 %, 1954 MiB, 0x0000000000000004
2026/05/02 15:01:32.116, 84, N/A, 93.17 W, 97 %, 39 %, 1954 MiB, 0x0000000000000000
2026/05/02 15:01:32.626, 85, N/A, 93.54 W, 97 %, 40 %, 1954 MiB, 0x0000000000000004
2026/05/02 15:01:33.136, 85, N/A, 93.69 W, 97 %, 40 %, 1954 MiB, 0x0000000000000000
2026/05/02 15:01:33.636, 85, N/A, 93.54 W, 97 %, 39 %, 1954 MiB, 0x0000000000000000
2026/05/02 15:01:34.146, 84, N/A, 93.43 W, 96 %, 39 %, 1954 MiB, 0x0000000000000004
2026/05/02 15:01:34.646, 85, N/A, 93.57 W, 97 %, 39 %, 1954 MiB, 0x0000000000000004
2026/05/02 15:01:35.156, 85, N/A, 93.59 W, 96 %, 39 %, 1954 MiB, 0x0000000000000000
2026/05/02 15:01:35.658, 85, N/A, 93.69 W, 97 %, 39 %, 1954 MiB, 0x0000000000000000
2026/05/02 15:01:36.166, 84, N/A, 93.62 W, 97 %, 40 %, 1954 MiB, 0x0000000000000004
2026/05/02 15:01:36.676, 85, N/A, 93.61 W, 96 %, 39 %, 1954 MiB, 0x0000000000000000
2026/05/02 15:01:37.186, 85, N/A, 93.72 W, 97 %, 39 %, 1954 MiB, 0x0000000000000004
2026/05/02 15:01:37.696, 85, N/A, 93.83 W, 96 %, 39 %, 1954 MiB, 0x0000000000000000
2026/05/02 15:01:38.196, 85, N/A, 93.68 W, 96 %, 38 %, 1954 MiB, 0x0000000000000000
2026/05/02 15:01:38.706, 85, N/A, 93.18 W, 97 %, 38 %, 1954 MiB, 0x0000000000000004
2026/05/02 15:01:39.216, 84, N/A, 90.97 W, 96 %, 34 %, 1956 MiB, 0x0000000000000000
2026/05/02 15:01:39.726, 84, N/A, 88.92 W, 97 %, 35 %, 1956 MiB, 0x0000000000000000
2026/05/02 15:01:40.227, 85, N/A, 89.27 W, 96 %, 36 %, 1956 MiB, 0x0000000000000000
2026/05/02 15:01:40.736, 84, N/A, 89.72 W, 97 %, 36 %, 1956 MiB, 0x0000000000000000
2026/05/02 15:01:41.247, 84, N/A, 89.92 W, 97 %, 36 %, 1956 MiB, 0x0000000000000000
2026/05/02 15:01:41.757, 84, N/A, 89.73 W, 97 %, 36 %, 1956 MiB, 0x0000000000000000
2026/05/02 15:01:42.267, 84, N/A, 89.42 W, 96 %, 35 %, 1956 MiB, 0x0000000000000000
2026/05/02 15:01:42.777, 84, N/A, 89.91 W, 97 %, 35 %, 1956 MiB, 0x0000000000000000
2026/05/02 15:01:43.287, 85, N/A, 89.95 W, 97 %, 35 %, 1956 MiB, 0x0000000000000000
2026/05/02 15:01:43.797, 84, N/A, 89.84 W, 97 %, 36 %, 1956 MiB, 0x0000000000000000
2026/05/02 15:01:44.307, 85, N/A, 89.71 W, 96 %, 35 %, 1956 MiB, 0x0000000000000000
2026/05/02 15:01:44.817, 84, N/A, 89.72 W, 97 %, 35 %, 1956 MiB, 0x0000000000000000
2026/05/02 15:01:45.327, 84, N/A, 90.10 W, 96 %, 35 %, 1956 MiB, 0x0000000000000004
2026/05/02 15:01:45.837, 84, N/A, 90.13 W, 96 %, 35 %, 1956 MiB, 0x0000000000000000
2026/05/02 15:01:46.347, 84, N/A, 89.80 W, 96 %, 33 %, 1958 MiB, 0x0000000000000000
2026/05/02 15:01:46.857, 84, N/A, 89.47 W, 96 %, 34 %, 1958 MiB, 0x0000000000000000
2026/05/02 15:01:47.357, 85, N/A, 90.67 W, 97 %, 39 %, 1958 MiB, 0x0000000000000004
2026/05/02 15:01:47.867, 85, N/A, 92.68 W, 97 %, 40 %, 1958 MiB, 0x0000000000000004
2026/05/02 15:01:48.377, 85, N/A, 92.95 W, 97 %, 40 %, 1958 MiB, 0x0000000000000000
2026/05/02 15:01:48.887, 84, N/A, 93.24 W, 97 %, 40 %, 1958 MiB, 0x0000000000000004
2026/05/02 15:01:49.397, 84, N/A, 93.39 W, 97 %, 40 %, 1958 MiB, 0x0000000000000004
2026/05/02 15:01:49.897, 85, N/A, 93.49 W, 97 %, 40 %, 1958 MiB, 0x0000000000000004
2026/05/02 15:01:50.407, 85, N/A, 92.76 W, 97 %, 39 %, 1958 MiB, 0x0000000000000004
2026/05/02 15:01:50.917, 85, N/A, 93.01 W, 97 %, 38 %, 1958 MiB, 0x0000000000000004
2026/05/02 15:01:51.417, 85, N/A, 92.74 W, 97 %, 38 %, 1958 MiB, 0x0000000000000004
2026/05/02 15:01:51.927, 85, N/A, 93.22 W, 97 %, 36 %, 1958 MiB, 0x0000000000000004
2026/05/02 15:01:52.437, 85, N/A, 93.27 W, 96 %, 35 %, 1958 MiB, 0x0000000000000004
2026/05/02 15:01:52.937, 85, N/A, 93.22 W, 97 %, 35 %, 1958 MiB, 0x0000000000000000
2026/05/02 15:01:53.447, 85, N/A, 93.27 W, 97 %, 36 %, 1958 MiB, 0x0000000000000004
2026/05/02 15:01:53.957, 86, N/A, 93.64 W, 97 %, 36 %, 1958 MiB, 0x0000000000000004
2026/05/02 15:01:54.458, 86, N/A, 93.88 W, 97 %, 36 %, 1958 MiB, 0x0000000000000004
2026/05/02 15:01:54.968, 86, N/A, 93.79 W, 97 %, 36 %, 1958 MiB, 0x0000000000000004
2026/05/02 15:01:55.477, 86, N/A, 93.98 W, 96 %, 36 %, 1958 MiB, 0x0000000000000004
2026/05/02 15:01:55.978, 85, N/A, 94.20 W, 97 %, 36 %, 1958 MiB, 0x0000000000000004
2026/05/02 15:01:56.488, 85, N/A, 94.27 W, 97 %, 36 %, 1958 MiB, 0x0000000000000004
2026/05/02 15:01:56.998, 86, N/A, 94.41 W, 97 %, 35 %, 1958 MiB, 0x0000000000000000
2026/05/02 15:01:57.502, 86, N/A, 94.51 W, 97 %, 35 %, 1958 MiB, 0x0000000000000004
2026/05/02 15:01:58.007, 86, N/A, 94.61 W, 97 %, 35 %, 1956 MiB, 0x0000000000000004
2026/05/02 15:01:58.518, 86, N/A, 94.58 W, 97 %, 35 %, 1956 MiB, 0x0000000000000004
2026/05/02 15:01:59.028, 86, N/A, 94.67 W, 97 %, 35 %, 1956 MiB, 0x0000000000000004
2026/05/02 15:01:59.528, 85, N/A, 94.67 W, 97 %, 35 %, 1954 MiB, 0x0000000000000004
2026/05/02 15:02:00.038, 86, N/A, 94.52 W, 96 %, 35 %, 1954 MiB, 0x0000000000000004
2026/05/02 15:02:00.544, 86, N/A, 94.36 W, 96 %, 34 %, 1952 MiB, 0x0000000000000004
2026/05/02 15:02:01.048, 86, N/A, 94.22 W, 96 %, 34 %, 1952 MiB, 0x0000000000000004
2026/05/02 15:02:01.548, 86, N/A, 94.12 W, 96 %, 34 %, 1952 MiB, 0x0000000000000004
2026/05/02 15:02:02.058, 86, N/A, 93.90 W, 96 %, 33 %, 1952 MiB, 0x0000000000000004
2026/05/02 15:02:02.568, 86, N/A, 93.68 W, 96 %, 33 %, 1943 MiB, 0x0000000000000004
2026/05/02 15:02:03.070, 74, N/A, 75.00 W, 0 %, 1 %, 662 MiB, 0x0000000000000000
2026/05/02 15:02:03.572, 73, N/A, 44.81 W, 5 %, 1 %, 659 MiB, 0x0000000000000000
2026/05/02 15:02:04.075, 72, N/A, 26.81 W, 0 %, 0 %, 659 MiB, 0x0000000000000000
2026/05/02 15:02:04.578, 71, N/A, 26.48 W, 0 %, 0 %, 659 MiB, 0x0000000000000000
2026/05/02 15:02:05.080, 69, N/A, 21.54 W, 0 %, 0 %, 659 MiB, 0x0000000000000001
2026/05/02 15:02:05.582, 69, N/A, 15.13 W, 0 %, 0 %, 659 MiB, 0x0000000000000001
2026/05/02 15:02:06.090, 68, N/A, 12.11 W, 0 %, 0 %, 659 MiB, 0x0000000000000001
2026/05/02 15:02:06.603, 68, N/A, 12.04 W, 0 %, 0 %, 602 MiB, 0x0000000000000001
2026/05/02 15:02:07.118, 68, N/A, 11.93 W, 2 %, 0 %, 568 MiB, 0x0000000000000001
2026/05/02 15:02:07.627, 68, N/A, 11.78 W, 1 %, 0 %, 462 MiB, 0x0000000000000001
2026/05/02 15:02:08.135, 67, N/A, 7.82 W, 0 %, 0 %, 462 MiB, 0x0000000000000001
2026/05/02 15:02:08.639, 67, N/A, 7.65 W, 0 %, 0 %, 462 MiB, 0x0000000000000001
2026/05/02 15:02:09.153, 67, N/A, 8.97 W, 0 %, 0 %, 462 MiB, 0x0000000000000001
2026/05/02 15:02:09.655, 67, N/A, 7.67 W, 0 %, 0 %, 462 MiB, 0x0000000000000001
2026/05/02 15:02:10.161, 67, N/A, 7.67 W, 0 %, 0 %, 462 MiB, 0x0000000000000001
2026/05/02 15:02:10.669, 66, N/A, 2.33 W, 0 %, 0 %, 462 MiB, 0x0000000000000001
2026/05/02 15:02:11.177, 66, N/A, 2.33 W, 0 %, 0 %, 462 MiB, 0x0000000000000001
2026/05/02 15:02:11.683, 65, N/A, 2.28 W, 0 %, 0 %, 462 MiB, 0x0000000000000001
2026/05/02 15:02:12.185, 65, N/A, 2.28 W, 0 %, 0 %, 462 MiB, 0x0000000000000001
2026/05/02 15:02:12.696, 65, N/A, 2.32 W, 0 %, 0 %, 462 MiB, 0x0000000000000001
2026/05/02 15:02:13.206, 65, N/A, 2.32 W, 0 %, 0 %, 462 MiB, 0x0000000000000001
2026/05/02 15:02:13.716, 64, N/A, 2.32 W, 0 %, 0 %, 462 MiB, 0x0000000000000001
2026/05/02 15:02:14.218, 64, N/A, 2.34 W, 0 %, 0 %, 462 MiB, 0x0000000000000001
2026/05/02 15:02:14.725, 64, N/A, 4.72 W, 0 %, 0 %, 462 MiB, 0x0000000000000001
2026/05/02 15:02:15.235, 64, N/A, 4.52 W, 0 %, 0 %, 462 MiB, 0x0000000000000001
2026/05/02 15:02:15.736, 64, N/A, 4.52 W, 0 %, 0 %, 462 MiB, 0x0000000000000001
2026/05/02 15:02:16.241, 63, N/A, 2.43 W, 0 %, 0 %, 462 MiB, 0x0000000000000001
2026/05/02 15:02:16.744, 63, N/A, 3.25 W, 0 %, 0 %, 462 MiB, 0x0000000000000001
2026/05/02 15:02:17.253, 63, N/A, 4.56 W, 0 %, 0 %, 462 MiB, 0x0000000000000001
2026/05/02 15:02:17.761, 63, N/A, 4.52 W, 0 %, 0 %, 462 MiB, 0x0000000000000001
2026/05/02 15:02:18.269, 63, N/A, 4.52 W, 0 %, 0 %, 462 MiB, 0x0000000000000001
2026/05/02 15:02:18.773, 62, N/A, 2.77 W, 0 %, 0 %, 462 MiB, 0x0000000000000001
2026/05/02 15:02:19.283, 62, N/A, 2.77 W, 0 %, 0 %, 462 MiB, 0x0000000000000001
2026/05/02 15:02:19.785, 62, N/A, 2.53 W, 0 %, 0 %, 462 MiB, 0x0000000000000001
2026/05/02 15:02:20.290, 62, N/A, 2.57 W, 0 %, 0 %, 462 MiB, 0x0000000000000001
2026/05/02 15:02:20.794, 62, N/A, 3.35 W, 0 %, 0 %, 462 MiB, 0x0000000000000001
2026/05/02 15:02:21.296, 61, N/A, 3.56 W, 0 %, 0 %, 462 MiB, 0x0000000000000001
2026/05/02 15:02:21.801, 61, N/A, 3.56 W, 0 %, 0 %, 462 MiB, 0x0000000000000001
2026/05/02 15:02:22.304, 61, N/A, 2.55 W, 0 %, 0 %, 462 MiB, 0x0000000000000001
2026/05/02 15:02:22.805, 61, N/A, 2.55 W, 0 %, 0 %, 462 MiB, 0x0000000000000001
2026/05/02 15:02:23.306, 61, N/A, 2.30 W, 0 %, 0 %, 462 MiB, 0x0000000000000001
2026/05/02 15:02:23.815, 61, N/A, 2.30 W, 0 %, 0 %, 462 MiB, 0x0000000000000001
2026/05/02 15:02:24.318, 60, N/A, 2.24 W, 0 %, 0 %, 462 MiB, 0x0000000000000001
2026/05/02 15:02:24.823, 60, N/A, 2.24 W, 0 %, 0 %, 462 MiB, 0x0000000000000001
2026/05/02 15:02:25.325, 60, N/A, 2.23 W, 0 %, 0 %, 462 MiB, 0x0000000000000001
2026/05/02 15:02:25.827, 60, N/A, 2.23 W, 0 %, 0 %, 462 MiB, 0x0000000000000001
2026/05/02 15:02:26.327, 60, N/A, 2.22 W, 0 %, 0 %, 462 MiB, 0x0000000000000001
2026/05/02 15:02:26.828, 60, N/A, 2.22 W, 0 %, 0 %, 462 MiB, 0x0000000000000001
2026/05/02 15:02:27.335, 60, N/A, 2.22 W, 0 %, 0 %, 462 MiB, 0x0000000000000001
2026/05/02 15:02:27.836, 60, N/A, 2.22 W, 0 %, 0 %, 462 MiB, 0x0000000000000001
2026/05/02 15:02:28.337, 59, N/A, 2.22 W, 0 %, 0 %, 462 MiB, 0x0000000000000001
2026/05/02 15:02:28.838, 59, N/A, 2.22 W, 0 %, 0 %, 462 MiB, 0x0000000000000001
2026/05/02 15:02:29.343, 59, N/A, 2.20 W, 0 %, 0 %, 462 MiB, 0x0000000000000001
2026/05/02 15:02:29.846, 59, N/A, 2.20 W, 0 %, 0 %, 462 MiB, 0x0000000000000001
2026/05/02 15:02:30.356, 59, N/A, 2.19 W, 0 %, 0 %, 462 MiB, 0x0000000000000001
2026/05/02 15:02:30.867, 59, N/A, 2.19 W, 0 %, 0 %, 462 MiB, 0x0000000000000001
2026/05/02 15:02:31.378, 59, N/A, 2.18 W, 0 %, 5 %, 462 MiB, 0x0000000000000001
2026/05/02 15:02:31.887, 59, N/A, 2.18 W, 0 %, 5 %, 462 MiB, 0x0000000000000001
2026/05/02 15:02:32.394, 58, N/A, 2.17 W, 0 %, 0 %, 462 MiB, 0x0000000000000001
2026/05/02 15:02:32.904, 58, N/A, 2.17 W, 0 %, 0 %, 462 MiB, 0x0000000000000001
2026/05/02 15:02:33.416, 58, N/A, 2.16 W, 0 %, 0 %, 462 MiB, 0x0000000000000001
2026/05/02 15:02:33.918, 58, N/A, 2.16 W, 0 %, 0 %, 462 MiB, 0x0000000000000001
2026/05/02 15:02:34.428, 58, N/A, 2.16 W, 0 %, 0 %, 462 MiB, 0x0000000000000001
2026/05/02 15:02:34.929, 58, N/A, 2.16 W, 0 %, 0 %, 462 MiB, 0x0000000000000001
2026/05/02 15:02:35.436, 58, N/A, 2.16 W, 0 %, 0 %, 462 MiB, 0x0000000000000001
2026/05/02 15:02:35.939, 58, N/A, 2.16 W, 0 %, 0 %, 462 MiB, 0x0000000000000001
2026/05/02 15:02:36.449, 58, N/A, 2.22 W, 0 %, 0 %, 462 MiB, 0x0000000000000001
2026/05/02 15:02:36.953, 58, N/A, 2.22 W, 0 %, 0 %, 462 MiB, 0x0000000000000001
2026/05/02 15:02:37.465, 57, N/A, 2.31 W, 0 %, 1 %, 462 MiB, 0x0000000000000001
2026/05/02 15:02:37.968, 57, N/A, 2.16 W, 0 %, 0 %, 462 MiB, 0x0000000000000001
2026/05/02 15:02:38.476, 57, N/A, 2.16 W, 0 %, 0 %, 462 MiB, 0x0000000000000001
2026/05/02 15:02:38.983, 57, N/A, 2.14 W, 0 %, 0 %, 462 MiB, 0x0000000000000001
2026/05/02 15:02:39.486, 57, N/A, 2.14 W, 0 %, 0 %, 462 MiB, 0x0000000000000001
2026/05/02 15:02:39.988, 57, N/A, 2.11 W, 0 %, 0 %, 462 MiB, 0x0000000000000001
2026/05/02 15:02:40.495, 57, N/A, 2.11 W, 0 %, 0 %, 462 MiB, 0x0000000000000001
2026/05/02 15:02:41.005, 57, N/A, 2.11 W, 0 %, 0 %, 462 MiB, 0x0000000000000001
2026/05/02 15:02:41.513, 57, N/A, 2.11 W, 0 %, 0 %, 462 MiB, 0x0000000000000001
2026/05/02 15:02:42.021, 56, N/A, 2.12 W, 0 %, 0 %, 462 MiB, 0x0000000000000001
2026/05/02 15:02:42.531, 56, N/A, 2.12 W, 0 %, 0 %, 462 MiB, 0x0000000000000001
2026/05/02 15:02:43.039, 56, N/A, 2.12 W, 0 %, 8 %, 462 MiB, 0x0000000000000001
2026/05/02 15:02:43.541, 56, N/A, 2.12 W, 0 %, 8 %, 462 MiB, 0x0000000000000001
2026/05/02 15:02:44.051, 56, N/A, 2.11 W, 0 %, 12 %, 462 MiB, 0x0000000000000001
2026/05/02 15:02:44.557, 56, N/A, 2.11 W, 0 %, 12 %, 462 MiB, 0x0000000000000001
2026/05/02 15:02:45.067, 56, N/A, 2.11 W, 0 %, 0 %, 462 MiB, 0x0000000000000001
2026/05/02 15:02:45.572, 56, N/A, 2.11 W, 0 %, 0 %, 462 MiB, 0x0000000000000001
2026/05/02 15:02:46.079, 56, N/A, 2.10 W, 0 %, 0 %, 462 MiB, 0x0000000000000001
2026/05/02 15:02:46.586, 56, N/A, 2.10 W, 0 %, 0 %, 462 MiB, 0x0000000000000001
2026/05/02 15:02:47.087, 56, N/A, 2.09 W, 0 %, 3 %, 462 MiB, 0x0000000000000001
2026/05/02 15:02:47.588, 56, N/A, 2.09 W, 0 %, 3 %, 462 MiB, 0x0000000000000001
2026/05/02 15:02:48.092, 55, N/A, 2.10 W, 0 %, 0 %, 462 MiB, 0x0000000000000001
2026/05/02 15:02:48.594, 55, N/A, 2.10 W, 0 %, 0 %, 462 MiB, 0x0000000000000001
2026/05/02 15:02:49.097, 55, N/A, 2.09 W, 0 %, 0 %, 462 MiB, 0x0000000000000001
2026/05/02 15:02:49.607, 55, N/A, 2.09 W, 0 %, 0 %, 462 MiB, 0x0000000000000001
2026/05/02 15:02:50.110, 55, N/A, 2.09 W, 0 %, 3 %, 462 MiB, 0x0000000000000001
2026/05/02 15:02:50.613, 55, N/A, 2.09 W, 0 %, 3 %, 462 MiB, 0x0000000000000001
2026/05/02 15:02:51.114, 55, N/A, 2.09 W, 0 %, 0 %, 462 MiB, 0x0000000000000001
2026/05/02 15:02:51.615, 55, N/A, 2.09 W, 0 %, 0 %, 462 MiB, 0x0000000000000001
2026/05/02 15:02:52.120, 55, N/A, 2.08 W, 0 %, 0 %, 462 MiB, 0x0000000000000001
2026/05/02 15:02:52.624, 55, N/A, 2.08 W, 0 %, 0 %, 462 MiB, 0x0000000000000001
2026/05/02 15:02:53.133, 55, N/A, 2.08 W, 0 %, 0 %, 462 MiB, 0x0000000000000001
2026/05/02 15:02:53.635, 55, N/A, 2.08 W, 0 %, 0 %, 462 MiB, 0x0000000000000001
2026/05/02 15:02:54.138, 54, N/A, 2.08 W, 0 %, 0 %, 462 MiB, 0x0000000000000001
2026/05/02 15:02:54.640, 54, N/A, 2.08 W, 0 %, 0 %, 462 MiB, 0x0000000000000001
2026/05/02 15:02:55.144, 54, N/A, 2.07 W, 0 %, 0 %, 462 MiB, 0x0000000000000001
2026/05/02 15:02:55.647, 54, N/A, 2.07 W, 0 %, 0 %, 462 MiB, 0x0000000000000001
2026/05/02 15:02:56.148, 54, N/A, 2.08 W, 0 %, 12 %, 462 MiB, 0x0000000000000001
2026/05/02 15:02:56.656, 54, N/A, 2.08 W, 0 %, 12 %, 462 MiB, 0x0000000000000001
2026/05/02 15:02:57.157, 54, N/A, 2.07 W, 0 %, 0 %, 462 MiB, 0x0000000000000001
2026/05/02 15:02:57.666, 54, N/A, 2.07 W, 0 %, 0 %, 462 MiB, 0x0000000000000001
2026/05/02 15:02:58.170, 54, N/A, 2.06 W, 0 %, 0 %, 462 MiB, 0x0000000000000001
2026/05/02 15:02:58.671, 54, N/A, 2.06 W, 0 %, 0 %, 462 MiB, 0x0000000000000001
2026/05/02 15:02:59.171, 54, N/A, 2.06 W, 0 %, 0 %, 462 MiB, 0x0000000000000001
2026/05/02 15:02:59.682, 54, N/A, 2.06 W, 0 %, 0 %, 462 MiB, 0x0000000000000001
2026/05/02 15:03:00.190, 53, N/A, 2.07 W, 0 %, 0 %, 462 MiB, 0x0000000000000001
2026/05/02 15:03:00.693, 53, N/A, 2.07 W, 0 %, 0 %, 462 MiB, 0x0000000000000001
2026/05/02 15:03:01.197, 53, N/A, 2.07 W, 0 %, 3 %, 462 MiB, 0x0000000000000001
2026/05/02 15:03:01.705, 53, N/A, 2.07 W, 0 %, 3 %, 462 MiB, 0x0000000000000001
2026/05/02 15:03:02.207, 53, N/A, 2.07 W, 0 %, 0 %, 462 MiB, 0x0000000000000001
2026/05/02 15:03:02.710, 53, N/A, 2.07 W, 0 %, 0 %, 462 MiB, 0x0000000000000001
2026/05/02 15:03:03.211, 53, N/A, 2.06 W, 0 %, 0 %, 462 MiB, 0x0000000000000001
2026/05/02 15:03:03.716, 53, N/A, 2.06 W, 0 %, 0 %, 462 MiB, 0x0000000000000001
2026/05/02 15:03:04.224, 53, N/A, 2.13 W, 0 %, 5 %, 462 MiB, 0x0000000000000001
2026/05/02 15:03:04.726, 53, N/A, 2.13 W, 0 %, 5 %, 462 MiB, 0x0000000000000001
2026/05/02 15:03:05.233, 53, N/A, 2.13 W, 0 %, 0 %, 462 MiB, 0x0000000000000001
2026/05/02 15:03:05.744, 53, N/A, 2.13 W, 0 %, 0 %, 462 MiB, 0x0000000000000001
2026/05/02 15:03:06.251, 53, N/A, 2.12 W, 0 %, 0 %, 462 MiB, 0x0000000000000001
2026/05/02 15:03:06.757, 53, N/A, 2.12 W, 0 %, 0 %, 462 MiB, 0x0000000000000001
2026/05/02 15:03:07.261, 52, N/A, 2.13 W, 0 %, 0 %, 462 MiB, 0x0000000000000001
2026/05/02 15:03:07.764, 52, N/A, 2.13 W, 0 %, 0 %, 462 MiB, 0x0000000000000001
2026/05/02 15:03:08.266, 52, N/A, 2.06 W, 0 %, 0 %, 462 MiB, 0x0000000000000001
2026/05/02 15:03:08.767, 52, N/A, 2.06 W, 0 %, 0 %, 462 MiB, 0x0000000000000001
2026/05/02 15:03:09.278, 52, N/A, 2.04 W, 0 %, 0 %, 462 MiB, 0x0000000000000001
2026/05/02 15:03:09.784, 52, N/A, 2.04 W, 0 %, 0 %, 462 MiB, 0x0000000000000001
2026/05/02 15:03:10.287, 52, N/A, 2.04 W, 0 %, 4 %, 462 MiB, 0x0000000000000001
2026/05/02 15:03:10.797, 52, N/A, 2.04 W, 0 %, 4 %, 462 MiB, 0x0000000000000001
2026/05/02 15:03:11.307, 52, N/A, 2.04 W, 0 %, 0 %, 462 MiB, 0x0000000000000001
2026/05/02 15:03:11.808, 52, N/A, 2.04 W, 0 %, 0 %, 462 MiB, 0x0000000000000001
2026/05/02 15:03:12.309, 52, N/A, 2.05 W, 0 %, 0 %, 462 MiB, 0x0000000000000001
2026/05/02 15:03:12.818, 52, N/A, 2.05 W, 0 %, 0 %, 462 MiB, 0x0000000000000001
2026/05/02 15:03:13.328, 52, N/A, 2.04 W, 0 %, 0 %, 462 MiB, 0x0000000000000001
2026/05/02 15:03:13.838, 52, N/A, 2.04 W, 0 %, 0 %, 462 MiB, 0x0000000000000001
2026/05/02 15:03:14.348, 52, N/A, 2.04 W, 0 %, 0 %, 462 MiB, 0x0000000000000001
2026/05/02 15:03:14.848, 52, N/A, 2.04 W, 0 %, 0 %, 462 MiB, 0x0000000000000001
2026/05/02 15:03:15.359, 51, N/A, 2.05 W, 0 %, 0 %, 462 MiB, 0x0000000000000001
2026/05/02 15:03:15.868, 51, N/A, 2.05 W, 0 %, 0 %, 462 MiB, 0x0000000000000001
2026/05/02 15:03:16.369, 51, N/A, 2.04 W, 0 %, 0 %, 462 MiB, 0x0000000000000001
2026/05/02 15:03:16.876, 51, N/A, 2.04 W, 0 %, 0 %, 462 MiB, 0x0000000000000001
2026/05/02 15:03:17.385, 51, N/A, 2.04 W, 0 %, 0 %, 462 MiB, 0x0000000000000001
2026/05/02 15:03:17.892, 51, N/A, 2.04 W, 0 %, 0 %, 462 MiB, 0x0000000000000001
2026/05/02 15:03:18.400, 51, N/A, 2.05 W, 0 %, 0 %, 462 MiB, 0x0000000000000001
2026/05/02 15:03:18.911, 51, N/A, 2.05 W, 0 %, 0 %, 462 MiB, 0x0000000000000001
2026/05/02 15:03:19.419, 51, N/A, 2.04 W, 0 %, 0 %, 462 MiB, 0x0000000000000001
2026/05/02 15:03:19.929, 51, N/A, 2.04 W, 0 %, 0 %, 462 MiB, 0x0000000000000001
2026/05/02 15:03:20.430, 51, N/A, 2.04 W, 0 %, 0 %, 462 MiB, 0x0000000000000001
2026/05/02 15:03:20.932, 51, N/A, 2.04 W, 0 %, 0 %, 462 MiB, 0x0000000000000001
2026/05/02 15:03:21.433, 51, N/A, 2.04 W, 0 %, 0 %, 462 MiB, 0x0000000000000001
2026/05/02 15:03:21.935, 51, N/A, 2.04 W, 0 %, 0 %, 462 MiB, 0x0000000000000001
2026/05/02 15:03:22.446, 51, N/A, 2.03 W, 0 %, 0 %, 462 MiB, 0x0000000000000001
2026/05/02 15:03:22.947, 51, N/A, 2.03 W, 0 %, 0 %, 462 MiB, 0x0000000000000001
2026/05/02 15:03:23.455, 50, N/A, 2.04 W, 0 %, 0 %, 462 MiB, 0x0000000000000001
2026/05/02 15:03:23.966, 50, N/A, 2.04 W, 0 %, 0 %, 462 MiB, 0x0000000000000001
2026/05/02 15:03:24.469, 50, N/A, 2.04 W, 0 %, 0 %, 462 MiB, 0x0000000000000001
2026/05/02 15:03:24.981, 50, N/A, 2.04 W, 0 %, 0 %, 462 MiB, 0x0000000000000001
2026/05/02 15:03:25.490, 50, N/A, 2.04 W, 0 %, 0 %, 462 MiB, 0x0000000000000001
2026/05/02 15:03:25.994, 50, N/A, 2.04 W, 0 %, 0 %, 462 MiB, 0x0000000000000001
2026/05/02 15:03:26.496, 50, N/A, 2.03 W, 0 %, 1 %, 462 MiB, 0x0000000000000001
2026/05/02 15:03:26.999, 50, N/A, 2.03 W, 0 %, 1 %, 462 MiB, 0x0000000000000001
2026/05/02 15:03:27.507, 50, N/A, 2.03 W, 0 %, 0 %, 462 MiB, 0x0000000000000001
2026/05/02 15:03:28.016, 50, N/A, 2.04 W, 0 %, 0 %, 462 MiB, 0x0000000000000001
2026/05/02 15:03:28.518, 50, N/A, 2.04 W, 0 %, 0 %, 462 MiB, 0x0000000000000001
2026/05/02 15:03:29.021, 50, N/A, 2.03 W, 0 %, 0 %, 462 MiB, 0x0000000000000001
2026/05/02 15:03:29.532, 50, N/A, 2.03 W, 0 %, 0 %, 462 MiB, 0x0000000000000001
2026/05/02 15:03:30.040, 50, N/A, 2.03 W, 0 %, 0 %, 462 MiB, 0x0000000000000001
2026/05/02 15:03:30.550, 50, N/A, 2.03 W, 0 %, 0 %, 462 MiB, 0x0000000000000001
2026/05/02 15:03:31.053, 50, N/A, 2.02 W, 0 %, 0 %, 462 MiB, 0x0000000000000001
2026/05/02 15:03:31.553, 50, N/A, 2.02 W, 0 %, 0 %, 462 MiB, 0x0000000000000001
2026/05/02 15:03:32.062, 50, N/A, 2.02 W, 0 %, 0 %, 462 MiB, 0x0000000000000001
2026/05/02 15:03:32.573, 50, N/A, 2.02 W, 0 %, 0 %, 462 MiB, 0x0000000000000001
2026/05/02 15:03:33.074, 49, N/A, 2.02 W, 0 %, 0 %, 462 MiB, 0x0000000000000001
2026/05/02 15:03:33.581, 49, N/A, 2.02 W, 0 %, 0 %, 462 MiB, 0x0000000000000001
2026/05/02 15:03:34.090, 49, N/A, 2.02 W, 0 %, 0 %, 462 MiB, 0x0000000000000001
2026/05/02 15:03:34.592, 49, N/A, 2.02 W, 0 %, 0 %, 462 MiB, 0x0000000000000001
2026/05/02 15:03:35.094, 49, N/A, 2.02 W, 0 %, 0 %, 462 MiB, 0x0000000000000001
2026/05/02 15:03:35.604, 49, N/A, 2.02 W, 0 %, 0 %, 462 MiB, 0x0000000000000001
2026/05/02 15:03:36.107, 49, N/A, 2.02 W, 0 %, 0 %, 462 MiB, 0x0000000000000001
2026/05/02 15:03:36.617, 49, N/A, 2.02 W, 0 %, 0 %, 462 MiB, 0x0000000000000001
2026/05/02 15:03:37.125, 49, N/A, 2.02 W, 0 %, 0 %, 462 MiB, 0x0000000000000001
2026/05/02 15:03:37.636, 49, N/A, 2.02 W, 0 %, 0 %, 462 MiB, 0x0000000000000001
2026/05/02 15:03:38.139, 49, N/A, 2.03 W, 0 %, 4 %, 462 MiB, 0x0000000000000001
2026/05/02 15:03:38.647, 49, N/A, 2.03 W, 0 %, 4 %, 462 MiB, 0x0000000000000001
2026/05/02 15:03:39.149, 49, N/A, 2.02 W, 0 %, 0 %, 462 MiB, 0x0000000000000001
2026/05/02 15:03:39.652, 49, N/A, 2.02 W, 0 %, 0 %, 462 MiB, 0x0000000000000001
2026/05/02 15:03:40.161, 49, N/A, 2.02 W, 0 %, 0 %, 462 MiB, 0x0000000000000001
2026/05/02 15:03:40.662, 49, N/A, 2.02 W, 0 %, 0 %, 462 MiB, 0x0000000000000001
2026/05/02 15:03:41.162, 49, N/A, 2.01 W, 0 %, 1 %, 462 MiB, 0x0000000000000001
2026/05/02 15:03:41.665, 49, N/A, 2.01 W, 0 %, 1 %, 462 MiB, 0x0000000000000001
2026/05/02 15:03:42.175, 49, N/A, 2.01 W, 0 %, 0 %, 462 MiB, 0x0000000000000001
2026/05/02 15:03:42.684, 49, N/A, 2.01 W, 0 %, 0 %, 462 MiB, 0x0000000000000001
2026/05/02 15:03:43.187, 49, N/A, 2.01 W, 0 %, 0 %, 462 MiB, 0x0000000000000001
2026/05/02 15:03:43.695, 49, N/A, 2.01 W, 0 %, 0 %, 462 MiB, 0x0000000000000001
2026/05/02 15:03:44.204, 48, N/A, 2.00 W, 0 %, 0 %, 462 MiB, 0x0000000000000001
2026/05/02 15:03:44.712, 48, N/A, 2.00 W, 0 %, 0 %, 462 MiB, 0x0000000000000001
2026/05/02 15:03:45.217, 48, N/A, 2.01 W, 0 %, 0 %, 462 MiB, 0x0000000000000001
2026/05/02 15:03:45.725, 48, N/A, 2.01 W, 0 %, 0 %, 462 MiB, 0x0000000000000001
2026/05/02 15:03:46.235, 48, N/A, 2.01 W, 0 %, 0 %, 462 MiB, 0x0000000000000001
2026/05/02 15:03:46.738, 48, N/A, 2.01 W, 0 %, 0 %, 462 MiB, 0x0000000000000001
2026/05/02 15:03:47.239, 48, N/A, 2.06 W, 0 %, 0 %, 462 MiB, 0x0000000000000001
2026/05/02 15:03:47.749, 48, N/A, 2.06 W, 0 %, 0 %, 462 MiB, 0x0000000000000001
2026/05/02 15:03:48.256, 48, N/A, 2.06 W, 0 %, 0 %, 462 MiB, 0x0000000000000001
2026/05/02 15:03:48.759, 48, N/A, 2.06 W, 0 %, 0 %, 462 MiB, 0x0000000000000001
2026/05/02 15:03:49.269, 48, N/A, 2.00 W, 0 %, 0 %, 462 MiB, 0x0000000000000001
2026/05/02 15:03:49.773, 48, N/A, 2.00 W, 0 %, 0 %, 462 MiB, 0x0000000000000001
2026/05/02 15:03:50.281, 48, N/A, 2.01 W, 0 %, 0 %, 462 MiB, 0x0000000000000001
2026/05/02 15:03:50.785, 48, N/A, 2.01 W, 0 %, 0 %, 462 MiB, 0x0000000000000001
2026/05/02 15:03:51.296, 48, N/A, 2.01 W, 0 %, 0 %, 462 MiB, 0x0000000000000001
2026/05/02 15:03:51.805, 48, N/A, 2.01 W, 0 %, 0 %, 462 MiB, 0x0000000000000001
2026/05/02 15:03:52.313, 48, N/A, 2.01 W, 0 %, 0 %, 462 MiB, 0x0000000000000001
2026/05/02 15:03:52.821, 48, N/A, 2.01 W, 0 %, 0 %, 462 MiB, 0x0000000000000001
2026/05/02 15:03:53.324, 48, N/A, 2.01 W, 0 %, 0 %, 462 MiB, 0x0000000000000001
2026/05/02 15:03:53.827, 48, N/A, 2.01 W, 0 %, 0 %, 462 MiB, 0x0000000000000001
2026/05/02 15:03:54.334, 48, N/A, 2.01 W, 0 %, 0 %, 462 MiB, 0x0000000000000001
2026/05/02 15:03:54.845, 48, N/A, 2.01 W, 0 %, 0 %, 462 MiB, 0x0000000000000001
2026/05/02 15:03:55.347, 48, N/A, 2.01 W, 0 %, 0 %, 462 MiB, 0x0000000000000001
2026/05/02 15:03:55.849, 48, N/A, 2.01 W, 0 %, 0 %, 462 MiB, 0x0000000000000001
2026/05/02 15:03:56.356, 48, N/A, 2.06 W, 0 %, 0 %, 462 MiB, 0x0000000000000001
2026/05/02 15:03:56.857, 48, N/A, 2.06 W, 0 %, 0 %, 462 MiB, 0x0000000000000001
2026/05/02 15:03:57.365, 48, N/A, 2.03 W, 0 %, 2 %, 462 MiB, 0x0000000000000001
2026/05/02 15:03:57.866, 48, N/A, 2.03 W, 0 %, 2 %, 462 MiB, 0x0000000000000001
2026/05/02 15:03:58.377, 47, N/A, 2.01 W, 0 %, 0 %, 462 MiB, 0x0000000000000001
2026/05/02 15:03:58.884, 47, N/A, 2.01 W, 0 %, 0 %, 462 MiB, 0x0000000000000001
2026/05/02 15:03:59.384, 47, N/A, 2.00 W, 0 %, 0 %, 462 MiB, 0x0000000000000001
2026/05/02 15:03:59.895, 47, N/A, 2.00 W, 0 %, 0 %, 462 MiB, 0x0000000000000001
2026/05/02 15:04:00.397, 47, N/A, 2.00 W, 0 %, 0 %, 462 MiB, 0x0000000000000001
2026/05/02 15:04:00.898, 47, N/A, 2.00 W, 0 %, 0 %, 462 MiB, 0x0000000000000001
2026/05/02 15:04:01.407, 47, N/A, 2.00 W, 0 %, 5 %, 462 MiB, 0x0000000000000001
2026/05/02 15:04:01.918, 47, N/A, 2.04 W, 0 %, 0 %, 433 MiB, 0x0000000000000001
2026/05/02 15:04:02.428, 47, N/A, 2.82 W, 0 %, 0 %, 433 MiB, 0x0000000000000001
2026/05/02 15:04:02.932, 47, N/A, 3.11 W, 0 %, 0 %, 433 MiB, 0x0000000000000001
2026/05/02 15:04:03.434, 47, N/A, 3.11 W, 0 %, 0 %, 433 MiB, 0x0000000000000001
2026/05/02 15:04:03.935, 47, N/A, 2.25 W, 0 %, 0 %, 433 MiB, 0x0000000000000001
2026/05/02 15:04:04.445, 47, N/A, 2.25 W, 0 %, 0 %, 433 MiB, 0x0000000000000001
2026/05/02 15:04:04.954, 47, N/A, 2.04 W, 0 %, 0 %, 433 MiB, 0x0000000000000001
2026/05/02 15:04:05.465, 47, N/A, 2.04 W, 0 %, 0 %, 433 MiB, 0x0000000000000001
2026/05/02 15:04:05.974, 47, N/A, 1.99 W, 0 %, 0 %, 433 MiB, 0x0000000000000001
2026/05/02 15:04:06.485, 47, N/A, 1.99 W, 0 %, 0 %, 433 MiB, 0x0000000000000001
2026/05/02 15:04:06.993, 47, N/A, 1.99 W, 0 %, 0 %, 433 MiB, 0x0000000000000001
2026/05/02 15:04:07.495, 47, N/A, 1.99 W, 0 %, 0 %, 433 MiB, 0x0000000000000001
2026/05/02 15:04:08.002, 47, N/A, 1.99 W, 0 %, 0 %, 433 MiB, 0x0000000000000001
2026/05/02 15:04:08.512, 48, N/A, 4.59 W, 0 %, 0 %, 433 MiB, 0x0000000000000001
2026/05/02 15:04:09.019, 48, N/A, 8.18 W, 0 %, 0 %, 433 MiB, 0x0000000000000001
2026/05/02 15:04:09.525, 48, N/A, 15.12 W, 0 %, 0 %, 433 MiB, 0x0000000000000001
2026/05/02 15:04:10.032, 48, N/A, 15.12 W, 0 %, 0 %, 433 MiB, 0x0000000000000001
2026/05/02 15:04:10.534, 49, N/A, 18.91 W, 0 %, 0 %, 433 MiB, 0x0000000000000001
2026/05/02 15:04:11.044, 49, N/A, 18.91 W, 0 %, 0 %, 433 MiB, 0x0000000000000001
2026/05/02 15:04:11.550, 47, N/A, 6.17 W, 0 %, 0 %, 433 MiB, 0x0000000000000001
2026/05/02 15:04:12.058, 47, N/A, 6.17 W, 0 %, 0 %, 433 MiB, 0x0000000000000001
2026/05/02 15:04:12.565, 47, N/A, 4.14 W, 0 %, 0 %, 433 MiB, 0x0000000000000001
2026/05/02 15:04:13.069, 47, N/A, 2.04 W, 0 %, 0 %, 433 MiB, 0x0000000000000001
2026/05/02 15:04:13.580, 47, N/A, 2.04 W, 0 %, 0 %, 433 MiB, 0x0000000000000001
2026/05/02 15:04:14.088, 47, N/A, 1.99 W, 0 %, 0 %, 433 MiB, 0x0000000000000001
2026/05/02 15:04:14.595, 47, N/A, 1.99 W, 0 %, 0 %, 433 MiB, 0x0000000000000001
2026/05/02 15:04:15.097, 47, N/A, 2.00 W, 0 %, 0 %, 433 MiB, 0x0000000000000001
2026/05/02 15:04:15.608, 47, N/A, 2.00 W, 0 %, 0 %, 433 MiB, 0x0000000000000001
2026/05/02 15:04:16.115, 47, N/A, 2.00 W, 0 %, 0 %, 433 MiB, 0x0000000000000001
2026/05/02 15:04:16.617, 47, N/A, 2.00 W, 0 %, 0 %, 433 MiB, 0x0000000000000001
2026/05/02 15:04:17.121, 47, N/A, 1.99 W, 0 %, 0 %, 433 MiB, 0x0000000000000001
2026/05/02 15:04:17.622, 47, N/A, 1.99 W, 0 %, 0 %, 433 MiB, 0x0000000000000001
2026/05/02 15:04:18.130, 46, N/A, 1.99 W, 0 %, 0 %, 433 MiB, 0x0000000000000001
2026/05/02 15:04:18.634, 46, N/A, 1.99 W, 0 %, 0 %, 433 MiB, 0x0000000000000001
2026/05/02 15:04:19.137, 46, N/A, 2.00 W, 0 %, 0 %, 433 MiB, 0x0000000000000001
2026/05/02 15:04:19.637, 46, N/A, 2.00 W, 0 %, 0 %, 433 MiB, 0x0000000000000001
2026/05/02 15:04:20.145, 46, N/A, 2.00 W, 0 %, 0 %, 433 MiB, 0x0000000000000001
2026/05/02 15:04:20.647, 46, N/A, 2.00 W, 0 %, 0 %, 433 MiB, 0x0000000000000001
2026/05/02 15:04:21.157, 46, N/A, 2.00 W, 0 %, 0 %, 433 MiB, 0x0000000000000001
2026/05/02 15:04:21.667, 46, N/A, 2.00 W, 0 %, 0 %, 433 MiB, 0x0000000000000001
2026/05/02 15:04:22.174, 46, N/A, 1.99 W, 0 %, 0 %, 433 MiB, 0x0000000000000001
2026/05/02 15:04:22.675, 46, N/A, 1.99 W, 0 %, 0 %, 433 MiB, 0x0000000000000001
2026/05/02 15:04:23.181, 46, N/A, 1.99 W, 0 %, 0 %, 433 MiB, 0x0000000000000001
2026/05/02 15:04:23.681, 46, N/A, 1.99 W, 0 %, 0 %, 433 MiB, 0x0000000000000001
2026/05/02 15:04:24.185, 46, N/A, 1.99 W, 0 %, 0 %, 433 MiB, 0x0000000000000001
2026/05/02 15:04:24.694, 46, N/A, 1.99 W, 0 %, 0 %, 433 MiB, 0x0000000000000001
2026/05/02 15:04:25.197, 46, N/A, 1.99 W, 0 %, 0 %, 433 MiB, 0x0000000000000001
2026/05/02 15:04:25.708, 46, N/A, 1.99 W, 0 %, 0 %, 433 MiB, 0x0000000000000001
2026/05/02 15:04:26.217, 46, N/A, 1.99 W, 0 %, 0 %, 433 MiB, 0x0000000000000001
2026/05/02 15:04:26.718, 46, N/A, 1.99 W, 0 %, 0 %, 433 MiB, 0x0000000000000001
2026/05/02 15:04:27.229, 46, N/A, 1.99 W, 0 %, 0 %, 433 MiB, 0x0000000000000001
2026/05/02 15:04:27.732, 46, N/A, 1.99 W, 0 %, 0 %, 433 MiB, 0x0000000000000001
2026/05/02 15:04:28.241, 46, N/A, 1.99 W, 0 %, 0 %, 433 MiB, 0x0000000000000001
2026/05/02 15:04:28.745, 46, N/A, 1.99 W, 0 %, 0 %, 433 MiB, 0x0000000000000001
2026/05/02 15:04:29.250, 46, N/A, 1.99 W, 0 %, 0 %, 433 MiB, 0x0000000000000001
2026/05/02 15:04:29.753, 46, N/A, 1.99 W, 0 %, 0 %, 433 MiB, 0x0000000000000001
2026/05/02 15:04:30.257, 46, N/A, 1.99 W, 0 %, 0 %, 433 MiB, 0x0000000000000001
2026/05/02 15:04:30.758, 46, N/A, 1.99 W, 0 %, 0 %, 433 MiB, 0x0000000000000001
2026/05/02 15:04:31.269, 46, N/A, 1.99 W, 0 %, 0 %, 433 MiB, 0x0000000000000001
2026/05/02 15:04:31.775, 46, N/A, 1.99 W, 0 %, 0 %, 433 MiB, 0x0000000000000001
2026/05/02 15:04:32.283, 46, N/A, 1.99 W, 0 %, 0 %, 433 MiB, 0x0000000000000001
2026/05/02 15:04:32.784, 46, N/A, 1.99 W, 0 %, 0 %, 433 MiB, 0x0000000000000001
2026/05/02 15:04:33.295, 46, N/A, 1.99 W, 0 %, 0 %, 433 MiB, 0x0000000000000001
2026/05/02 15:04:33.805, 46, N/A, 1.99 W, 0 %, 0 %, 433 MiB, 0x0000000000000001
2026/05/02 15:04:34.309, 45, N/A, 1.98 W, 0 %, 0 %, 433 MiB, 0x0000000000000001
2026/05/02 15:04:34.812, 45, N/A, 1.98 W, 0 %, 0 %, 433 MiB, 0x0000000000000001
2026/05/02 15:04:35.312, 45, N/A, 1.98 W, 0 %, 0 %, 433 MiB, 0x0000000000000001
2026/05/02 15:04:35.814, 45, N/A, 1.98 W, 0 %, 0 %, 433 MiB, 0x0000000000000001
2026/05/02 15:04:36.322, 45, N/A, 1.98 W, 0 %, 0 %, 433 MiB, 0x0000000000000001
2026/05/02 15:04:36.829, 45, N/A, 1.98 W, 0 %, 0 %, 433 MiB, 0x0000000000000001
2026/05/02 15:04:37.339, 45, N/A, 1.98 W, 0 %, 0 %, 433 MiB, 0x0000000000000001
2026/05/02 15:04:37.850, 45, N/A, 1.98 W, 0 %, 0 %, 433 MiB, 0x0000000000000001
2026/05/02 15:04:38.359, 45, N/A, 1.98 W, 0 %, 0 %, 433 MiB, 0x0000000000000001
2026/05/02 15:04:38.862, 45, N/A, 1.98 W, 0 %, 0 %, 433 MiB, 0x0000000000000001
2026/05/02 15:04:39.369, 45, N/A, 1.99 W, 0 %, 0 %, 433 MiB, 0x0000000000000001
2026/05/02 15:04:39.870, 45, N/A, 1.99 W, 0 %, 0 %, 433 MiB, 0x0000000000000001
2026/05/02 15:04:40.380, 45, N/A, 1.98 W, 0 %, 0 %, 433 MiB, 0x0000000000000001
2026/05/02 15:04:40.890, 45, N/A, 1.98 W, 0 %, 0 %, 433 MiB, 0x0000000000000001
2026/05/02 15:04:41.396, 45, N/A, 1.98 W, 0 %, 0 %, 433 MiB, 0x0000000000000001
2026/05/02 15:04:41.897, 45, N/A, 1.98 W, 0 %, 0 %, 433 MiB, 0x0000000000000001
2026/05/02 15:04:42.406, 45, N/A, 1.98 W, 0 %, 0 %, 433 MiB, 0x0000000000000001
2026/05/02 15:04:42.912, 45, N/A, 1.98 W, 0 %, 0 %, 433 MiB, 0x0000000000000001
2026/05/02 15:04:43.421, 45, N/A, 1.98 W, 0 %, 0 %, 433 MiB, 0x0000000000000001
2026/05/02 15:04:43.926, 45, N/A, 1.98 W, 0 %, 0 %, 433 MiB, 0x0000000000000001
2026/05/02 15:04:44.426, 45, N/A, 1.99 W, 0 %, 0 %, 433 MiB, 0x0000000000000001
2026/05/02 15:04:44.934, 45, N/A, 1.99 W, 0 %, 0 %, 433 MiB, 0x0000000000000001
2026/05/02 15:04:45.436, 45, N/A, 1.99 W, 0 %, 0 %, 433 MiB, 0x0000000000000001
2026/05/02 15:04:45.946, 45, N/A, 1.99 W, 0 %, 0 %, 433 MiB, 0x0000000000000001
2026/05/02 15:04:46.457, 45, N/A, 1.98 W, 0 %, 0 %, 433 MiB, 0x0000000000000001
2026/05/02 15:04:46.962, 45, N/A, 1.98 W, 0 %, 0 %, 433 MiB, 0x0000000000000001
2026/05/02 15:04:47.464, 45, N/A, 1.98 W, 0 %, 0 %, 433 MiB, 0x0000000000000001
2026/05/02 15:04:47.973, 45, N/A, 1.98 W, 0 %, 0 %, 433 MiB, 0x0000000000000001
2026/05/02 15:04:48.475, 45, N/A, 1.97 W, 0 %, 0 %, 433 MiB, 0x0000000000000001
2026/05/02 15:04:48.979, 45, N/A, 1.97 W, 0 %, 0 %, 433 MiB, 0x0000000000000001
2026/05/02 15:04:49.487, 45, N/A, 1.97 W, 0 %, 0 %, 433 MiB, 0x0000000000000001
2026/05/02 15:04:49.995, 45, N/A, 1.97 W, 0 %, 0 %, 433 MiB, 0x0000000000000001
2026/05/02 15:04:50.503, 45, N/A, 1.96 W, 0 %, 0 %, 433 MiB, 0x0000000000000001
2026/05/02 15:04:51.011, 45, N/A, 1.96 W, 0 %, 0 %, 433 MiB, 0x0000000000000001
2026/05/02 15:04:51.513, 45, N/A, 1.97 W, 0 %, 0 %, 433 MiB, 0x0000000000000001
2026/05/02 15:04:52.023, 45, N/A, 1.97 W, 0 %, 0 %, 433 MiB, 0x0000000000000001
2026/05/02 15:04:52.534, 45, N/A, 1.98 W, 0 %, 0 %, 433 MiB, 0x0000000000000001
2026/05/02 15:04:53.035, 45, N/A, 1.98 W, 0 %, 0 %, 433 MiB, 0x0000000000000001
2026/05/02 15:04:53.544, 44, N/A, 1.98 W, 0 %, 0 %, 433 MiB, 0x0000000000000001
2026/05/02 15:04:54.054, 44, N/A, 1.98 W, 0 %, 0 %, 433 MiB, 0x0000000000000001
2026/05/02 15:04:54.557, 44, N/A, 1.97 W, 0 %, 0 %, 433 MiB, 0x0000000000000001
2026/05/02 15:04:55.057, 44, N/A, 1.97 W, 0 %, 0 %, 433 MiB, 0x0000000000000001
2026/05/02 15:04:55.560, 44, N/A, 1.97 W, 0 %, 0 %, 433 MiB, 0x0000000000000001
2026/05/02 15:04:56.071, 44, N/A, 1.97 W, 0 %, 0 %, 433 MiB, 0x0000000000000001
2026/05/02 15:04:56.579, 44, N/A, 1.97 W, 0 %, 0 %, 433 MiB, 0x0000000000000001
2026/05/02 15:04:57.085, 44, N/A, 1.97 W, 0 %, 0 %, 433 MiB, 0x0000000000000001
2026/05/02 15:04:57.592, 44, N/A, 1.97 W, 0 %, 0 %, 433 MiB, 0x0000000000000001
2026/05/02 15:04:58.099, 44, N/A, 1.97 W, 0 %, 0 %, 433 MiB, 0x0000000000000001
2026/05/02 15:04:58.601, 44, N/A, 1.97 W, 0 %, 0 %, 433 MiB, 0x0000000000000001
2026/05/02 15:04:59.109, 44, N/A, 1.97 W, 0 %, 0 %, 433 MiB, 0x0000000000000001
2026/05/02 15:04:59.609, 44, N/A, 1.97 W, 0 %, 0 %, 433 MiB, 0x0000000000000001
2026/05/02 15:05:00.115, 44, N/A, 1.97 W, 0 %, 0 %, 433 MiB, 0x0000000000000001
2026/05/02 15:05:00.626, 44, N/A, 1.97 W, 0 %, 0 %, 433 MiB, 0x0000000000000001
2026/05/02 15:05:01.127, 44, N/A, 1.97 W, 0 %, 0 %, 433 MiB, 0x0000000000000001
2026/05/02 15:05:01.628, 44, N/A, 1.97 W, 0 %, 0 %, 433 MiB, 0x0000000000000001
2026/05/02 15:05:02.129, 44, N/A, 1.96 W, 0 %, 0 %, 433 MiB, 0x0000000000000001
2026/05/02 15:05:02.638, 44, N/A, 1.96 W, 0 %, 0 %, 433 MiB, 0x0000000000000001
2026/05/02 15:05:03.138, 44, N/A, 1.97 W, 0 %, 0 %, 433 MiB, 0x0000000000000001
2026/05/02 15:05:03.649, 44, N/A, 1.97 W, 0 %, 0 %, 433 MiB, 0x0000000000000001
2026/05/02 15:05:04.160, 44, N/A, 1.97 W, 0 %, 0 %, 433 MiB, 0x0000000000000001
2026/05/02 15:05:04.663, 44, N/A, 1.97 W, 0 %, 0 %, 433 MiB, 0x0000000000000001
