timestamp, temperature.gpu, power.draw [W], utilization.gpu [%], clocks.current.graphics [MHz], clocks.current.memory [MHz], clocks.current.sm [MHz], clocks_event_reasons.active
2026/05/01 20:25:38.091, 49, 1.94 W, 0 %, 210 MHz, 405 MHz, 210 MHz, 0x0000000000000001
2026/05/01 20:25:38.597, 49, 1.94 W, 0 %, 210 MHz, 405 MHz, 210 MHz, 0x0000000000000001
2026/05/01 20:25:39.098, 49, 1.95 W, 0 %, 210 MHz, 405 MHz, 210 MHz, 0x0000000000000001
2026/05/01 20:25:39.607, 49, 1.95 W, 0 %, 210 MHz, 405 MHz, 210 MHz, 0x0000000000000001
2026/05/01 20:25:40.116, 49, 1.95 W, 0 %, 210 MHz, 405 MHz, 210 MHz, 0x0000000000000001
2026/05/01 20:25:40.624, 49, 1.95 W, 0 %, 210 MHz, 405 MHz, 210 MHz, 0x0000000000000001
2026/05/01 20:25:41.130, 49, 1.94 W, 0 %, 210 MHz, 405 MHz, 210 MHz, 0x0000000000000001
2026/05/01 20:25:41.633, 49, 1.94 W, 0 %, 210 MHz, 405 MHz, 210 MHz, 0x0000000000000001
2026/05/01 20:25:42.134, 49, 1.94 W, 0 %, 210 MHz, 405 MHz, 210 MHz, 0x0000000000000001
2026/05/01 20:25:42.635, 49, 1.94 W, 0 %, 210 MHz, 405 MHz, 210 MHz, 0x0000000000000001
2026/05/01 20:25:43.145, 49, 1.96 W, 0 %, 210 MHz, 405 MHz, 210 MHz, 0x0000000000000001
2026/05/01 20:25:43.651, 49, 1.96 W, 0 %, 210 MHz, 405 MHz, 210 MHz, 0x0000000000000001
2026/05/01 20:25:44.158, 49, 1.97 W, 0 %, 210 MHz, 405 MHz, 210 MHz, 0x0000000000000001
2026/05/01 20:25:44.660, 49, 1.97 W, 0 %, 210 MHz, 405 MHz, 210 MHz, 0x0000000000000001
2026/05/01 20:25:45.168, 49, 1.94 W, 0 %, 210 MHz, 405 MHz, 210 MHz, 0x0000000000000001
2026/05/01 20:25:45.674, 49, 1.94 W, 0 %, 210 MHz, 405 MHz, 210 MHz, 0x0000000000000001
2026/05/01 20:25:46.183, 49, 1.95 W, 0 %, 210 MHz, 405 MHz, 210 MHz, 0x0000000000000001
2026/05/01 20:25:46.688, 49, 1.95 W, 0 %, 210 MHz, 405 MHz, 210 MHz, 0x0000000000000001
2026/05/01 20:25:47.194, 49, 1.96 W, 0 %, 210 MHz, 405 MHz, 210 MHz, 0x0000000000000001
2026/05/01 20:25:47.698, 49, 2.02 W, 17 %, 2250 MHz, 8001 MHz, 2250 MHz, 0x0000000000000001
2026/05/01 20:25:48.200, 50, 9.90 W, 0 %, 2250 MHz, 8001 MHz, 2250 MHz, 0x0000000000000001
2026/05/01 20:25:48.701, 51, 19.41 W, 0 %, 2250 MHz, 8001 MHz, 2250 MHz, 0x0000000000000001
2026/05/01 20:25:49.211, 51, 19.41 W, 0 %, 2250 MHz, 8001 MHz, 2250 MHz, 0x0000000000000001
2026/05/01 20:25:49.719, 51, 19.57 W, 0 %, 2250 MHz, 8001 MHz, 2250 MHz, 0x0000000000000001
2026/05/01 20:25:50.219, 51, 19.57 W, 0 %, 2250 MHz, 8001 MHz, 2250 MHz, 0x0000000000000001
2026/05/01 20:25:50.726, 50, 17.00 W, 0 %, 495 MHz, 810 MHz, 495 MHz, 0x0000000000000001
2026/05/01 20:25:51.236, 50, 17.00 W, 0 %, 495 MHz, 810 MHz, 495 MHz, 0x0000000000000001
2026/05/01 20:25:51.738, 49, 10.38 W, 0 %, 315 MHz, 405 MHz, 315 MHz, 0x0000000000000001
2026/05/01 20:25:52.244, 49, 10.38 W, 0 %, 315 MHz, 405 MHz, 315 MHz, 0x0000000000000001
2026/05/01 20:25:52.747, 49, 2.90 W, 0 %, 210 MHz, 405 MHz, 210 MHz, 0x0000000000000001
2026/05/01 20:25:53.257, 49, 2.90 W, 0 %, 210 MHz, 405 MHz, 210 MHz, 0x0000000000000001
2026/05/01 20:25:53.768, 49, 2.00 W, 0 %, 210 MHz, 405 MHz, 210 MHz, 0x0000000000000001
2026/05/01 20:25:54.268, 49, 2.00 W, 0 %, 210 MHz, 405 MHz, 210 MHz, 0x0000000000000001
2026/05/01 20:25:54.778, 49, 1.96 W, 0 %, 210 MHz, 405 MHz, 210 MHz, 0x0000000000000001
2026/05/01 20:25:55.283, 49, 1.96 W, 0 %, 210 MHz, 405 MHz, 210 MHz, 0x0000000000000001
2026/05/01 20:25:55.785, 49, 1.95 W, 0 %, 210 MHz, 405 MHz, 210 MHz, 0x0000000000000001
2026/05/01 20:25:56.295, 49, 1.95 W, 0 %, 210 MHz, 405 MHz, 210 MHz, 0x0000000000000001
2026/05/01 20:25:56.799, 49, 1.95 W, 0 %, 210 MHz, 405 MHz, 210 MHz, 0x0000000000000001
2026/05/01 20:25:57.313, 49, 1.94 W, 0 %, 210 MHz, 405 MHz, 210 MHz, 0x0000000000000001
2026/05/01 20:25:57.825, 49, 1.94 W, 0 %, 210 MHz, 405 MHz, 210 MHz, 0x0000000000000001
2026/05/01 20:25:58.334, 49, 1.94 W, 0 %, 210 MHz, 405 MHz, 210 MHz, 0x0000000000000001
2026/05/01 20:25:58.847, 49, 1.94 W, 0 %, 210 MHz, 405 MHz, 210 MHz, 0x0000000000000001
2026/05/01 20:25:59.353, 48, 1.95 W, 0 %, 210 MHz, 405 MHz, 210 MHz, 0x0000000000000001
2026/05/01 20:25:59.867, 48, 1.95 W, 0 %, 210 MHz, 405 MHz, 210 MHz, 0x0000000000000001
2026/05/01 20:26:00.379, 48, 1.95 W, 0 %, 210 MHz, 405 MHz, 210 MHz, 0x0000000000000001
2026/05/01 20:26:00.892, 48, 1.95 W, 0 %, 210 MHz, 405 MHz, 210 MHz, 0x0000000000000001
2026/05/01 20:26:01.399, 48, 1.95 W, 0 %, 210 MHz, 405 MHz, 210 MHz, 0x0000000000000001
2026/05/01 20:26:01.901, 48, 1.95 W, 0 %, 210 MHz, 405 MHz, 210 MHz, 0x0000000000000001
2026/05/01 20:26:02.416, 48, 1.95 W, 0 %, 210 MHz, 405 MHz, 210 MHz, 0x0000000000000001
2026/05/01 20:26:02.927, 48, 1.95 W, 0 %, 210 MHz, 405 MHz, 210 MHz, 0x0000000000000001
2026/05/01 20:26:03.441, 48, 1.93 W, 0 %, 210 MHz, 405 MHz, 210 MHz, 0x0000000000000001
2026/05/01 20:26:03.955, 48, 1.93 W, 0 %, 210 MHz, 405 MHz, 210 MHz, 0x0000000000000001
2026/05/01 20:26:04.470, 49, 1.95 W, 0 %, 210 MHz, 405 MHz, 210 MHz, 0x0000000000000001
2026/05/01 20:26:04.972, 49, 1.95 W, 0 %, 210 MHz, 405 MHz, 210 MHz, 0x0000000000000001
2026/05/01 20:26:05.487, 50, 19.78 W, 5 %, 2250 MHz, 8001 MHz, 2250 MHz, 0x0000000000000001
2026/05/01 20:26:06.002, 50, 19.37 W, 0 %, 2250 MHz, 8001 MHz, 2250 MHz, 0x0000000000000001
2026/05/01 20:26:06.507, 51, 20.01 W, 0 %, 2250 MHz, 8001 MHz, 2250 MHz, 0x0000000000000001
2026/05/01 20:26:07.020, 51, 19.80 W, 0 %, 2250 MHz, 8001 MHz, 2250 MHz, 0x0000000000000001
2026/05/01 20:26:07.522, 51, 18.44 W, 1 %, 2250 MHz, 7001 MHz, 2250 MHz, 0x0000000000000024
2026/05/01 20:26:08.036, 51, 20.12 W, 1 %, 2250 MHz, 8001 MHz, 2250 MHz, 0x0000000000000001
2026/05/01 20:26:08.546, 51, 19.97 W, 1 %, 2250 MHz, 8001 MHz, 2250 MHz, 0x0000000000000001
2026/05/01 20:26:09.061, 51, 19.87 W, 4 %, 2250 MHz, 8001 MHz, 2250 MHz, 0x0000000000000001
2026/05/01 20:26:09.576, 51, 20.01 W, 3 %, 2250 MHz, 8001 MHz, 2250 MHz, 0x0000000000000001
2026/05/01 20:26:10.084, 52, 19.68 W, 5 %, 2250 MHz, 8001 MHz, 2250 MHz, 0x0000000000000001
2026/05/01 20:26:10.598, 52, 18.78 W, 0 %, 2250 MHz, 7001 MHz, 2250 MHz, 0x0000000000000001
2026/05/01 20:26:11.098, 52, 18.43 W, 0 %, 2250 MHz, 8001 MHz, 2250 MHz, 0x0000000000000001
2026/05/01 20:26:11.604, 51, 10.20 W, 13 %, 630 MHz, 810 MHz, 630 MHz, 0x0000000000000001
2026/05/01 20:26:12.105, 51, 10.52 W, 52 %, 720 MHz, 810 MHz, 720 MHz, 0x0000000000000001
2026/05/01 20:26:12.615, 56, 43.48 W, 74 %, 2040 MHz, 6001 MHz, 2040 MHz, 0x0000000000000001
2026/05/01 20:26:13.128, 63, 77.70 W, 78 %, 2505 MHz, 7001 MHz, 2505 MHz, 0x0000000000000004
2026/05/01 20:26:13.643, 57, 31.19 W, 21 %, 2505 MHz, 8001 MHz, 2505 MHz, 0x0000000000000000
2026/05/01 20:26:14.143, 63, 72.93 W, 70 %, 2490 MHz, 8001 MHz, 2490 MHz, 0x0000000000000004
2026/05/01 20:26:14.647, 65, 78.82 W, 74 %, 2490 MHz, 8001 MHz, 2490 MHz, 0x0000000000000004
2026/05/01 20:26:15.150, 64, 70.20 W, 67 %, 2490 MHz, 8001 MHz, 2490 MHz, 0x0000000000000000
2026/05/01 20:26:15.651, 65, 74.33 W, 73 %, 2490 MHz, 8001 MHz, 2490 MHz, 0x0000000000000000
2026/05/01 20:26:16.153, 66, 80.39 W, 73 %, 2490 MHz, 8001 MHz, 2490 MHz, 0x0000000000000004
2026/05/01 20:26:16.667, 66, 75.24 W, 67 %, 2490 MHz, 8001 MHz, 2490 MHz, 0x0000000000000000
2026/05/01 20:26:17.183, 66, 76.11 W, 71 %, 2490 MHz, 8001 MHz, 2490 MHz, 0x0000000000000000
2026/05/01 20:26:17.689, 67, 77.27 W, 74 %, 2490 MHz, 8001 MHz, 2490 MHz, 0x0000000000000000
2026/05/01 20:26:18.195, 67, 78.06 W, 74 %, 2490 MHz, 8001 MHz, 2490 MHz, 0x0000000000000004
2026/05/01 20:26:18.705, 68, 79.32 W, 74 %, 2490 MHz, 8001 MHz, 2490 MHz, 0x0000000000000000
2026/05/01 20:26:19.215, 68, 82.00 W, 78 %, 2490 MHz, 8001 MHz, 2490 MHz, 0x0000000000000000
2026/05/01 20:26:19.725, 69, 78.87 W, 75 %, 2490 MHz, 8001 MHz, 2490 MHz, 0x0000000000000000
2026/05/01 20:26:20.235, 69, 83.35 W, 80 %, 2490 MHz, 8001 MHz, 2490 MHz, 0x0000000000000004
2026/05/01 20:26:20.737, 70, 81.02 W, 76 %, 2490 MHz, 8001 MHz, 2490 MHz, 0x0000000000000000
2026/05/01 20:26:21.240, 69, 80.67 W, 75 %, 2490 MHz, 8001 MHz, 2490 MHz, 0x0000000000000000
2026/05/01 20:26:21.754, 69, 79.28 W, 74 %, 2490 MHz, 8001 MHz, 2490 MHz, 0x0000000000000000
2026/05/01 20:26:22.270, 69, 76.05 W, 70 %, 2490 MHz, 8001 MHz, 2490 MHz, 0x0000000000000000
2026/05/01 20:26:22.771, 70, 77.84 W, 75 %, 2490 MHz, 8001 MHz, 2490 MHz, 0x0000000000000000
2026/05/01 20:26:23.274, 70, 77.65 W, 75 %, 2490 MHz, 8001 MHz, 2490 MHz, 0x0000000000000000
2026/05/01 20:26:23.774, 71, 79.49 W, 75 %, 2490 MHz, 8001 MHz, 2490 MHz, 0x0000000000000000
2026/05/01 20:26:24.289, 71, 79.73 W, 78 %, 2490 MHz, 8001 MHz, 2490 MHz, 0x0000000000000000
2026/05/01 20:26:24.802, 71, 78.92 W, 76 %, 2490 MHz, 8001 MHz, 2490 MHz, 0x0000000000000000
2026/05/01 20:26:25.314, 71, 80.74 W, 69 %, 2490 MHz, 8001 MHz, 2490 MHz, 0x0000000000000000
2026/05/01 20:26:25.816, 72, 77.73 W, 77 %, 2475 MHz, 8001 MHz, 2475 MHz, 0x0000000000000004
2026/05/01 20:26:26.326, 65, 32.68 W, 13 %, 2490 MHz, 8001 MHz, 2490 MHz, 0x0000000000000000
2026/05/01 20:26:26.836, 70, 70.19 W, 56 %, 2490 MHz, 8001 MHz, 2490 MHz, 0x0000000000000000
2026/05/01 20:26:27.336, 72, 79.52 W, 79 %, 2490 MHz, 8001 MHz, 2490 MHz, 0x0000000000000000
2026/05/01 20:26:27.846, 73, 78.07 W, 77 %, 2490 MHz, 8001 MHz, 2490 MHz, 0x0000000000000000
2026/05/01 20:26:28.351, 73, 78.48 W, 77 %, 2490 MHz, 8001 MHz, 2490 MHz, 0x0000000000000004
2026/05/01 20:26:28.864, 73, 78.16 W, 77 %, 2490 MHz, 8001 MHz, 2490 MHz, 0x0000000000000000
2026/05/01 20:26:29.378, 73, 78.79 W, 76 %, 2490 MHz, 8001 MHz, 2490 MHz, 0x0000000000000000
2026/05/01 20:26:29.880, 71, 78.25 W, 57 %, 2490 MHz, 8001 MHz, 2490 MHz, 0x0000000000000000
2026/05/01 20:26:30.393, 70, 66.79 W, 52 %, 2490 MHz, 8001 MHz, 2490 MHz, 0x0000000000000000
2026/05/01 20:26:30.908, 72, 66.49 W, 56 %, 2490 MHz, 8001 MHz, 2490 MHz, 0x0000000000000000
2026/05/01 20:26:31.422, 72, 66.93 W, 58 %, 2490 MHz, 8001 MHz, 2490 MHz, 0x0000000000000000
2026/05/01 20:26:31.924, 71, 66.74 W, 57 %, 2490 MHz, 8001 MHz, 2490 MHz, 0x0000000000000000
2026/05/01 20:26:32.437, 72, 66.48 W, 57 %, 2490 MHz, 8001 MHz, 2490 MHz, 0x0000000000000000
2026/05/01 20:26:32.952, 73, 68.16 W, 67 %, 2490 MHz, 8001 MHz, 2490 MHz, 0x0000000000000000
2026/05/01 20:26:33.462, 73, 72.78 W, 65 %, 2490 MHz, 8001 MHz, 2490 MHz, 0x0000000000000000
2026/05/01 20:26:33.966, 73, 73.80 W, 63 %, 2490 MHz, 8001 MHz, 2490 MHz, 0x0000000000000000
2026/05/01 20:26:34.466, 73, 73.87 W, 64 %, 2490 MHz, 8001 MHz, 2490 MHz, 0x0000000000000000
2026/05/01 20:26:34.976, 73, 73.78 W, 66 %, 2490 MHz, 8001 MHz, 2490 MHz, 0x0000000000000000
2026/05/01 20:26:35.476, 74, 72.86 W, 63 %, 2490 MHz, 8001 MHz, 2490 MHz, 0x0000000000000000
2026/05/01 20:26:35.987, 69, 57.85 W, 12 %, 2490 MHz, 8001 MHz, 2490 MHz, 0x0000000000000000
2026/05/01 20:26:36.494, 74, 59.86 W, 58 %, 2490 MHz, 8001 MHz, 2490 MHz, 0x0000000000000000
2026/05/01 20:26:36.995, 75, 82.43 W, 74 %, 2490 MHz, 8001 MHz, 2490 MHz, 0x0000000000000004
2026/05/01 20:26:37.499, 76, 81.13 W, 68 %, 2490 MHz, 8001 MHz, 2490 MHz, 0x0000000000000004
2026/05/01 20:26:38.015, 76, 80.98 W, 73 %, 2385 MHz, 8001 MHz, 2385 MHz, 0x0000000000000004
2026/05/01 20:26:38.517, 76, 80.80 W, 77 %, 2460 MHz, 8001 MHz, 2460 MHz, 0x0000000000000004
2026/05/01 20:26:39.019, 76, 82.65 W, 75 %, 2415 MHz, 8001 MHz, 2415 MHz, 0x0000000000000004
2026/05/01 20:26:39.524, 77, 83.55 W, 78 %, 2400 MHz, 8001 MHz, 2400 MHz, 0x0000000000000004
2026/05/01 20:26:40.024, 77, 81.39 W, 83 %, 2340 MHz, 8001 MHz, 2340 MHz, 0x0000000000000004
2026/05/01 20:26:40.525, 77, 81.80 W, 84 %, 2400 MHz, 8001 MHz, 2400 MHz, 0x0000000000000004
2026/05/01 20:26:41.033, 77, 81.69 W, 78 %, 2430 MHz, 8001 MHz, 2430 MHz, 0x0000000000000004
2026/05/01 20:26:41.537, 77, 81.60 W, 80 %, 2415 MHz, 8001 MHz, 2415 MHz, 0x0000000000000004
2026/05/01 20:26:42.037, 77, 79.65 W, 83 %, 2310 MHz, 8001 MHz, 2310 MHz, 0x0000000000000004
2026/05/01 20:26:42.547, 77, 81.24 W, 83 %, 2310 MHz, 8001 MHz, 2310 MHz, 0x0000000000000004
2026/05/01 20:26:43.057, 78, 80.19 W, 82 %, 2415 MHz, 8001 MHz, 2415 MHz, 0x0000000000000004
2026/05/01 20:26:43.567, 78, 82.81 W, 86 %, 2415 MHz, 8001 MHz, 2415 MHz, 0x0000000000000004
2026/05/01 20:26:44.081, 78, 80.96 W, 83 %, 2415 MHz, 8001 MHz, 2415 MHz, 0x0000000000000004
2026/05/01 20:26:44.582, 79, 81.60 W, 78 %, 2475 MHz, 8001 MHz, 2475 MHz, 0x0000000000000000
2026/05/01 20:26:45.085, 79, 81.74 W, 76 %, 2475 MHz, 8001 MHz, 2475 MHz, 0x0000000000000004
2026/05/01 20:26:45.599, 78, 81.97 W, 80 %, 2445 MHz, 8001 MHz, 2445 MHz, 0x0000000000000004
2026/05/01 20:26:46.100, 79, 81.82 W, 75 %, 2475 MHz, 8001 MHz, 2475 MHz, 0x0000000000000000
2026/05/01 20:26:46.603, 79, 73.50 W, 73 %, 2475 MHz, 8001 MHz, 2475 MHz, 0x0000000000000000
2026/05/01 20:26:47.117, 79, 80.34 W, 72 %, 2475 MHz, 8001 MHz, 2475 MHz, 0x0000000000000000
2026/05/01 20:26:47.617, 73, 75.25 W, 18 %, 2490 MHz, 8001 MHz, 2490 MHz, 0x0000000000000000
2026/05/01 20:26:48.123, 79, 81.04 W, 73 %, 2475 MHz, 8001 MHz, 2475 MHz, 0x0000000000000004
2026/05/01 20:26:48.638, 79, 79.74 W, 81 %, 2415 MHz, 8001 MHz, 2415 MHz, 0x0000000000000004
2026/05/01 20:26:49.147, 79, 77.79 W, 82 %, 2295 MHz, 8001 MHz, 2295 MHz, 0x0000000000000004
2026/05/01 20:26:49.655, 78, 80.21 W, 82 %, 2370 MHz, 8001 MHz, 2370 MHz, 0x0000000000000004
2026/05/01 20:26:50.157, 80, 81.53 W, 82 %, 2400 MHz, 8001 MHz, 2400 MHz, 0x0000000000000004
2026/05/01 20:26:50.667, 80, 85.28 W, 76 %, 2475 MHz, 8001 MHz, 2475 MHz, 0x0000000000000004
2026/05/01 20:26:51.177, 81, 106.10 W, 81 %, 2430 MHz, 8001 MHz, 2430 MHz, 0x0000000000000004
2026/05/01 20:26:51.679, 81, 87.15 W, 76 %, 2430 MHz, 8001 MHz, 2430 MHz, 0x0000000000000004
2026/05/01 20:26:52.181, 81, 86.21 W, 77 %, 2475 MHz, 8001 MHz, 2475 MHz, 0x0000000000000000
2026/05/01 20:26:52.695, 81, 91.03 W, 78 %, 2445 MHz, 8001 MHz, 2445 MHz, 0x0000000000000004
2026/05/01 20:26:53.206, 82, 83.30 W, 79 %, 2400 MHz, 8001 MHz, 2400 MHz, 0x0000000000000004
2026/05/01 20:26:53.720, 81, 85.96 W, 81 %, 2370 MHz, 8001 MHz, 2370 MHz, 0x0000000000000004
2026/05/01 20:26:54.235, 81, 75.89 W, 82 %, 2400 MHz, 8001 MHz, 2400 MHz, 0x0000000000000004
2026/05/01 20:26:54.751, 82, 83.30 W, 81 %, 2400 MHz, 8001 MHz, 2400 MHz, 0x0000000000000004
2026/05/01 20:26:55.265, 81, 82.84 W, 82 %, 2370 MHz, 8001 MHz, 2370 MHz, 0x0000000000000004
2026/05/01 20:26:55.767, 80, 83.44 W, 90 %, 2310 MHz, 8001 MHz, 2310 MHz, 0x0000000000000004
2026/05/01 20:26:56.269, 81, 81.60 W, 89 %, 2295 MHz, 8001 MHz, 2295 MHz, 0x0000000000000004
2026/05/01 20:26:56.778, 82, 81.86 W, 80 %, 2280 MHz, 8001 MHz, 2280 MHz, 0x0000000000000004
2026/05/01 20:26:57.288, 74, 29.77 W, 10 %, 2490 MHz, 8001 MHz, 2490 MHz, 0x0000000000000000
2026/05/01 20:26:57.788, 81, 74.21 W, 64 %, 2415 MHz, 8001 MHz, 2415 MHz, 0x0000000000000004
2026/05/01 20:26:58.298, 81, 83.11 W, 98 %, 2325 MHz, 8001 MHz, 2325 MHz, 0x0000000000000004
2026/05/01 20:26:58.798, 80, 80.69 W, 92 %, 2400 MHz, 8001 MHz, 2400 MHz, 0x0000000000000004
2026/05/01 20:26:59.308, 81, 71.65 W, 97 %, 2220 MHz, 8001 MHz, 2220 MHz, 0x0000000000000004
2026/05/01 20:26:59.820, 82, 82.70 W, 94 %, 2355 MHz, 8001 MHz, 2355 MHz, 0x0000000000000004
2026/05/01 20:27:00.322, 81, 82.45 W, 95 %, 2250 MHz, 8001 MHz, 2250 MHz, 0x0000000000000004
2026/05/01 20:27:00.824, 81, 81.85 W, 91 %, 2325 MHz, 8001 MHz, 2325 MHz, 0x0000000000000004
2026/05/01 20:27:01.335, 81, 84.88 W, 87 %, 2370 MHz, 8001 MHz, 2370 MHz, 0x0000000000000004
2026/05/01 20:27:01.838, 82, 81.81 W, 77 %, 2340 MHz, 8001 MHz, 2340 MHz, 0x0000000000000004
2026/05/01 20:27:02.342, 81, 82.35 W, 82 %, 2415 MHz, 8001 MHz, 2415 MHz, 0x0000000000000004
2026/05/01 20:27:02.857, 82, 84.26 W, 80 %, 2400 MHz, 8001 MHz, 2400 MHz, 0x0000000000000004
2026/05/01 20:27:03.360, 82, 82.51 W, 80 %, 2445 MHz, 8001 MHz, 2445 MHz, 0x0000000000000004
2026/05/01 20:27:03.864, 82, 84.68 W, 79 %, 2475 MHz, 8001 MHz, 2475 MHz, 0x0000000000000004
2026/05/01 20:27:04.365, 82, 82.72 W, 76 %, 2415 MHz, 8001 MHz, 2415 MHz, 0x0000000000000004
2026/05/01 20:27:04.868, 82, 83.92 W, 77 %, 2400 MHz, 8001 MHz, 2400 MHz, 0x0000000000000004
2026/05/01 20:27:05.378, 82, 82.85 W, 75 %, 2460 MHz, 8001 MHz, 2460 MHz, 0x0000000000000004
2026/05/01 20:27:05.887, 82, 82.41 W, 76 %, 2430 MHz, 8001 MHz, 2430 MHz, 0x0000000000000004
2026/05/01 20:27:06.389, 77, 73.64 W, 40 %, 2475 MHz, 8001 MHz, 2475 MHz, 0x0000000000000000
2026/05/01 20:27:06.898, 80, 71.07 W, 58 %, 2475 MHz, 8001 MHz, 2475 MHz, 0x0000000000000000
2026/05/01 20:27:07.410, 80, 69.72 W, 55 %, 2475 MHz, 8001 MHz, 2475 MHz, 0x0000000000000000
2026/05/01 20:27:07.912, 81, 72.29 W, 59 %, 2475 MHz, 8001 MHz, 2475 MHz, 0x0000000000000000
2026/05/01 20:27:08.425, 80, 72.19 W, 59 %, 2475 MHz, 8001 MHz, 2475 MHz, 0x0000000000000000
2026/05/01 20:27:08.940, 81, 72.42 W, 58 %, 2475 MHz, 8001 MHz, 2475 MHz, 0x0000000000000000
2026/05/01 20:27:09.455, 81, 70.05 W, 56 %, 2475 MHz, 8001 MHz, 2475 MHz, 0x0000000000000000
2026/05/01 20:27:09.960, 80, 67.02 W, 55 %, 2475 MHz, 8001 MHz, 2475 MHz, 0x0000000000000000
2026/05/01 20:27:10.463, 78, 62.57 W, 48 %, 2475 MHz, 8001 MHz, 2475 MHz, 0x0000000000000000
2026/05/01 20:27:10.979, 78, 65.51 W, 52 %, 2475 MHz, 8001 MHz, 2475 MHz, 0x0000000000000000
2026/05/01 20:27:11.479, 79, 61.97 W, 46 %, 2475 MHz, 8001 MHz, 2475 MHz, 0x0000000000000000
2026/05/01 20:27:11.995, 79, 63.70 W, 53 %, 2475 MHz, 8001 MHz, 2475 MHz, 0x0000000000000000
2026/05/01 20:27:12.499, 78, 62.63 W, 46 %, 2475 MHz, 8001 MHz, 2475 MHz, 0x0000000000000000
2026/05/01 20:27:12.999, 79, 64.53 W, 48 %, 2475 MHz, 8001 MHz, 2475 MHz, 0x0000000000000000
2026/05/01 20:27:13.509, 80, 66.50 W, 52 %, 2475 MHz, 8001 MHz, 2475 MHz, 0x0000000000000000
2026/05/01 20:27:14.019, 80, 68.37 W, 50 %, 2475 MHz, 8001 MHz, 2475 MHz, 0x0000000000000000
2026/05/01 20:27:14.529, 80, 67.86 W, 56 %, 2475 MHz, 8001 MHz, 2475 MHz, 0x0000000000000000
2026/05/01 20:27:15.041, 79, 65.26 W, 50 %, 2475 MHz, 8001 MHz, 2475 MHz, 0x0000000000000000
2026/05/01 20:27:15.553, 79, 65.25 W, 53 %, 2475 MHz, 8001 MHz, 2475 MHz, 0x0000000000000000
2026/05/01 20:27:16.057, 80, 66.15 W, 49 %, 2475 MHz, 8001 MHz, 2475 MHz, 0x0000000000000000
2026/05/01 20:27:16.571, 79, 63.67 W, 55 %, 2475 MHz, 8001 MHz, 2475 MHz, 0x0000000000000000
2026/05/01 20:27:17.073, 79, 64.41 W, 51 %, 2475 MHz, 8001 MHz, 2475 MHz, 0x0000000000000000
2026/05/01 20:27:17.585, 80, 67.88 W, 59 %, 2475 MHz, 8001 MHz, 2475 MHz, 0x0000000000000000
2026/05/01 20:27:18.099, 80, 69.53 W, 61 %, 2475 MHz, 8001 MHz, 2475 MHz, 0x0000000000000000
2026/05/01 20:27:18.612, 80, 66.07 W, 54 %, 2475 MHz, 8001 MHz, 2475 MHz, 0x0000000000000000
2026/05/01 20:27:19.114, 80, 66.70 W, 56 %, 2475 MHz, 8001 MHz, 2475 MHz, 0x0000000000000000
2026/05/01 20:27:19.627, 80, 67.38 W, 54 %, 2475 MHz, 8001 MHz, 2475 MHz, 0x0000000000000000
2026/05/01 20:27:20.127, 80, 69.56 W, 60 %, 2475 MHz, 8001 MHz, 2475 MHz, 0x0000000000000000
2026/05/01 20:27:20.630, 81, 76.46 W, 64 %, 2475 MHz, 8001 MHz, 2475 MHz, 0x0000000000000000
2026/05/01 20:27:21.139, 81, 69.77 W, 57 %, 2475 MHz, 8001 MHz, 2475 MHz, 0x0000000000000000
2026/05/01 20:27:21.640, 82, 75.45 W, 65 %, 2475 MHz, 8001 MHz, 2475 MHz, 0x0000000000000000
2026/05/01 20:27:22.150, 82, 79.71 W, 68 %, 2475 MHz, 8001 MHz, 2475 MHz, 0x0000000000000000
2026/05/01 20:27:22.650, 83, 82.11 W, 70 %, 2475 MHz, 8001 MHz, 2475 MHz, 0x0000000000000004
2026/05/01 20:27:23.164, 82, 80.44 W, 68 %, 2475 MHz, 8001 MHz, 2475 MHz, 0x0000000000000000
2026/05/01 20:27:23.666, 83, 79.57 W, 64 %, 2475 MHz, 8001 MHz, 2475 MHz, 0x0000000000000000
2026/05/01 20:27:24.168, 76, 71.35 W, 15 %, 2475 MHz, 8001 MHz, 2475 MHz, 0x0000000000000000
2026/05/01 20:27:24.669, 81, 61.59 W, 63 %, 2475 MHz, 8001 MHz, 2475 MHz, 0x0000000000000000
2026/05/01 20:27:25.170, 83, 79.81 W, 63 %, 2475 MHz, 8001 MHz, 2475 MHz, 0x0000000000000000
2026/05/01 20:27:25.682, 83, 82.89 W, 75 %, 2370 MHz, 8001 MHz, 2370 MHz, 0x0000000000000004
2026/05/01 20:27:26.196, 84, 78.61 W, 79 %, 2310 MHz, 8001 MHz, 2310 MHz, 0x0000000000000004
2026/05/01 20:27:26.709, 83, 80.09 W, 75 %, 2385 MHz, 8001 MHz, 2385 MHz, 0x0000000000000004
2026/05/01 20:27:27.223, 84, 84.40 W, 79 %, 2370 MHz, 8001 MHz, 2370 MHz, 0x0000000000000004
2026/05/01 20:27:27.730, 84, 82.03 W, 75 %, 2400 MHz, 8001 MHz, 2400 MHz, 0x0000000000000004
2026/05/01 20:27:28.230, 84, 82.10 W, 81 %, 2325 MHz, 8001 MHz, 2325 MHz, 0x0000000000000004
2026/05/01 20:27:28.740, 84, 81.12 W, 80 %, 2430 MHz, 8001 MHz, 2430 MHz, 0x0000000000000004
2026/05/01 20:27:29.240, 85, 84.84 W, 90 %, 2280 MHz, 8001 MHz, 2280 MHz, 0x0000000000000004
2026/05/01 20:27:29.750, 84, 88.27 W, 87 %, 2325 MHz, 8001 MHz, 2325 MHz, 0x0000000000000004
2026/05/01 20:27:30.260, 84, 83.33 W, 88 %, 2310 MHz, 8001 MHz, 2310 MHz, 0x0000000000000004
2026/05/01 20:27:30.766, 84, 83.32 W, 84 %, 2340 MHz, 8001 MHz, 2340 MHz, 0x0000000000000004
2026/05/01 20:27:31.278, 83, 83.38 W, 74 %, 2460 MHz, 8001 MHz, 2460 MHz, 0x0000000000000004
2026/05/01 20:27:31.780, 84, 82.98 W, 74 %, 2475 MHz, 8001 MHz, 2475 MHz, 0x0000000000000000
2026/05/01 20:27:32.282, 83, 81.71 W, 62 %, 2475 MHz, 8001 MHz, 2475 MHz, 0x0000000000000000
2026/05/01 20:27:32.795, 84, 83.15 W, 74 %, 2415 MHz, 8001 MHz, 2415 MHz, 0x0000000000000004
2026/05/01 20:27:33.298, 84, 79.88 W, 64 %, 2475 MHz, 8001 MHz, 2475 MHz, 0x0000000000000000
2026/05/01 20:27:33.809, 84, 81.00 W, 72 %, 2475 MHz, 8001 MHz, 2475 MHz, 0x0000000000000004
2026/05/01 20:27:34.310, 84, 81.32 W, 71 %, 2475 MHz, 8001 MHz, 2475 MHz, 0x0000000000000000
2026/05/01 20:27:34.814, 84, 79.38 W, 69 %, 2475 MHz, 8001 MHz, 2475 MHz, 0x0000000000000004
2026/05/01 20:27:35.327, 84, 79.90 W, 67 %, 2475 MHz, 8001 MHz, 2475 MHz, 0x0000000000000000
2026/05/01 20:27:35.831, 84, 79.74 W, 67 %, 2475 MHz, 8001 MHz, 2475 MHz, 0x0000000000000000
2026/05/01 20:27:36.341, 84, 79.29 W, 71 %, 2475 MHz, 8001 MHz, 2475 MHz, 0x0000000000000000
2026/05/01 20:27:36.850, 84, 80.26 W, 69 %, 2475 MHz, 8001 MHz, 2475 MHz, 0x0000000000000004
2026/05/01 20:27:37.351, 77, 37.92 W, 15 %, 2475 MHz, 8001 MHz, 2475 MHz, 0x0000000000000000
2026/05/01 20:27:37.861, 83, 74.67 W, 71 %, 2475 MHz, 8001 MHz, 2475 MHz, 0x0000000000000004
2026/05/01 20:27:38.369, 85, 84.09 W, 74 %, 2400 MHz, 8001 MHz, 2400 MHz, 0x0000000000000004
2026/05/01 20:27:38.870, 84, 83.11 W, 76 %, 2430 MHz, 8001 MHz, 2430 MHz, 0x0000000000000004
2026/05/01 20:27:39.382, 85, 84.02 W, 78 %, 2415 MHz, 8001 MHz, 2415 MHz, 0x0000000000000004
2026/05/01 20:27:39.896, 85, 83.54 W, 76 %, 2400 MHz, 8001 MHz, 2400 MHz, 0x0000000000000004
2026/05/01 20:27:40.409, 84, 83.99 W, 72 %, 2415 MHz, 8001 MHz, 2415 MHz, 0x0000000000000004
2026/05/01 20:27:40.924, 84, 82.53 W, 75 %, 2400 MHz, 8001 MHz, 2400 MHz, 0x0000000000000004
2026/05/01 20:27:41.437, 84, 78.89 W, 72 %, 2475 MHz, 8001 MHz, 2475 MHz, 0x0000000000000004
2026/05/01 20:27:41.949, 86, 86.49 W, 79 %, 2430 MHz, 8001 MHz, 2430 MHz, 0x0000000000000004
2026/05/01 20:27:42.451, 85, 85.52 W, 79 %, 2415 MHz, 8001 MHz, 2415 MHz, 0x0000000000000004
2026/05/01 20:27:42.953, 85, 87.07 W, 76 %, 2445 MHz, 8001 MHz, 2445 MHz, 0x0000000000000004
2026/05/01 20:27:43.457, 86, 86.17 W, 79 %, 2370 MHz, 8001 MHz, 2370 MHz, 0x0000000000000004
2026/05/01 20:27:43.961, 85, 84.33 W, 74 %, 2445 MHz, 8001 MHz, 2445 MHz, 0x0000000000000004
2026/05/01 20:27:44.471, 85, 82.52 W, 69 %, 2475 MHz, 8001 MHz, 2475 MHz, 0x0000000000000004
2026/05/01 20:27:44.981, 85, 81.01 W, 64 %, 2475 MHz, 8001 MHz, 2475 MHz, 0x0000000000000000
2026/05/01 20:27:45.481, 83, 75.91 W, 58 %, 2475 MHz, 8001 MHz, 2475 MHz, 0x0000000000000000
2026/05/01 20:27:45.991, 84, 76.01 W, 64 %, 2475 MHz, 8001 MHz, 2475 MHz, 0x0000000000000000
2026/05/01 20:27:46.505, 84, 79.51 W, 66 %, 2475 MHz, 8001 MHz, 2475 MHz, 0x0000000000000000
2026/05/01 20:27:47.020, 79, 72.21 W, 27 %, 2475 MHz, 8001 MHz, 2475 MHz, 0x0000000000000000
2026/05/01 20:27:47.523, 85, 85.54 W, 79 %, 2385 MHz, 8001 MHz, 2385 MHz, 0x0000000000000004
2026/05/01 20:27:48.038, 85, 82.52 W, 73 %, 2385 MHz, 8001 MHz, 2385 MHz, 0x0000000000000004
2026/05/01 20:27:48.539, 85, 83.23 W, 76 %, 2430 MHz, 8001 MHz, 2430 MHz, 0x0000000000000004
2026/05/01 20:27:49.041, 83, 75.28 W, 58 %, 2475 MHz, 8001 MHz, 2475 MHz, 0x0000000000000000
2026/05/01 20:27:49.543, 85, 83.38 W, 71 %, 2415 MHz, 8001 MHz, 2415 MHz, 0x0000000000000004
2026/05/01 20:27:50.058, 84, 82.89 W, 70 %, 2400 MHz, 8001 MHz, 2400 MHz, 0x0000000000000000
2026/05/01 20:27:50.571, 83, 79.05 W, 68 %, 2415 MHz, 8001 MHz, 2415 MHz, 0x0000000000000004
2026/05/01 20:27:51.072, 85, 82.90 W, 73 %, 2430 MHz, 8001 MHz, 2430 MHz, 0x0000000000000004
2026/05/01 20:27:51.582, 85, 81.71 W, 66 %, 2475 MHz, 8001 MHz, 2475 MHz, 0x0000000000000000
2026/05/01 20:27:52.091, 85, 85.49 W, 72 %, 2400 MHz, 8001 MHz, 2400 MHz, 0x0000000000000004
2026/05/01 20:27:52.592, 85, 83.77 W, 73 %, 2430 MHz, 8001 MHz, 2430 MHz, 0x0000000000000004
2026/05/01 20:27:53.102, 84, 83.65 W, 71 %, 2415 MHz, 8001 MHz, 2415 MHz, 0x0000000000000004
2026/05/01 20:27:53.612, 86, 86.16 W, 74 %, 2445 MHz, 8001 MHz, 2445 MHz, 0x0000000000000004
2026/05/01 20:27:54.128, 85, 83.85 W, 69 %, 2475 MHz, 8001 MHz, 2475 MHz, 0x0000000000000004
2026/05/01 20:27:54.628, 85, 81.32 W, 64 %, 2475 MHz, 8001 MHz, 2475 MHz, 0x0000000000000000
2026/05/01 20:27:55.143, 84, 77.96 W, 63 %, 2475 MHz, 8001 MHz, 2475 MHz, 0x0000000000000000
2026/05/01 20:27:55.657, 84, 75.93 W, 61 %, 2475 MHz, 8001 MHz, 2475 MHz, 0x0000000000000000
2026/05/01 20:27:56.171, 83, 73.91 W, 58 %, 2475 MHz, 8001 MHz, 2475 MHz, 0x0000000000000000
2026/05/01 20:27:56.672, 84, 75.85 W, 62 %, 2475 MHz, 8001 MHz, 2475 MHz, 0x0000000000000000
2026/05/01 20:27:57.174, 83, 74.81 W, 57 %, 2475 MHz, 8001 MHz, 2475 MHz, 0x0000000000000000
2026/05/01 20:27:57.675, 83, 70.86 W, 53 %, 2475 MHz, 8001 MHz, 2475 MHz, 0x0000000000000000
2026/05/01 20:27:58.191, 83, 71.65 W, 56 %, 2475 MHz, 8001 MHz, 2475 MHz, 0x0000000000000000
2026/05/01 20:27:58.702, 82, 70.81 W, 54 %, 2475 MHz, 8001 MHz, 2475 MHz, 0x0000000000000000
2026/05/01 20:27:59.202, 83, 69.97 W, 54 %, 2475 MHz, 8001 MHz, 2475 MHz, 0x0000000000000000
2026/05/01 20:27:59.711, 78, 47.36 W, 25 %, 2475 MHz, 8001 MHz, 2475 MHz, 0x0000000000000000
2026/05/01 20:28:00.213, 80, 61.14 W, 45 %, 2475 MHz, 8001 MHz, 2475 MHz, 0x0000000000000000
2026/05/01 20:28:00.722, 81, 62.92 W, 50 %, 2475 MHz, 8001 MHz, 2475 MHz, 0x0000000000000000
2026/05/01 20:28:01.226, 81, 65.77 W, 51 %, 2475 MHz, 8001 MHz, 2475 MHz, 0x0000000000000000
2026/05/01 20:28:01.728, 81, 64.24 W, 46 %, 2475 MHz, 8001 MHz, 2475 MHz, 0x0000000000000000
2026/05/01 20:28:02.229, 81, 64.05 W, 48 %, 2475 MHz, 8001 MHz, 2475 MHz, 0x0000000000000000
2026/05/01 20:28:02.741, 81, 63.33 W, 47 %, 2475 MHz, 8001 MHz, 2475 MHz, 0x0000000000000000
2026/05/01 20:28:03.242, 81, 63.06 W, 46 %, 2475 MHz, 8001 MHz, 2475 MHz, 0x0000000000000000
2026/05/01 20:28:03.757, 79, 62.72 W, 43 %, 2475 MHz, 8001 MHz, 2475 MHz, 0x0000000000000000
2026/05/01 20:28:04.270, 81, 64.50 W, 49 %, 2475 MHz, 8001 MHz, 2475 MHz, 0x0000000000000000
2026/05/01 20:28:04.783, 81, 65.38 W, 48 %, 2475 MHz, 8001 MHz, 2475 MHz, 0x0000000000000000
2026/05/01 20:28:05.298, 81, 66.05 W, 44 %, 2475 MHz, 8001 MHz, 2475 MHz, 0x0000000000000000
2026/05/01 20:28:05.803, 81, 64.22 W, 47 %, 2475 MHz, 8001 MHz, 2475 MHz, 0x0000000000000000
2026/05/01 20:28:06.317, 81, 62.75 W, 40 %, 2475 MHz, 8001 MHz, 2475 MHz, 0x0000000000000000
2026/05/01 20:28:06.823, 81, 69.02 W, 44 %, 2475 MHz, 8001 MHz, 2475 MHz, 0x0000000000000000
2026/05/01 20:28:07.333, 81, 66.14 W, 49 %, 2475 MHz, 8001 MHz, 2475 MHz, 0x0000000000000000
2026/05/01 20:28:07.833, 76, 58.26 W, 12 %, 2475 MHz, 8001 MHz, 2475 MHz, 0x0000000000000000
2026/05/01 20:28:08.343, 77, 53.74 W, 26 %, 2475 MHz, 8001 MHz, 2475 MHz, 0x0000000000000000
2026/05/01 20:28:08.847, 83, 75.97 W, 61 %, 2475 MHz, 8001 MHz, 2475 MHz, 0x0000000000000000
2026/05/01 20:28:09.353, 84, 82.62 W, 76 %, 2400 MHz, 8001 MHz, 2400 MHz, 0x0000000000000004
2026/05/01 20:28:09.854, 85, 84.24 W, 73 %, 2460 MHz, 8001 MHz, 2460 MHz, 0x0000000000000004
2026/05/01 20:28:10.355, 85, 84.44 W, 73 %, 2430 MHz, 8001 MHz, 2430 MHz, 0x0000000000000004
2026/05/01 20:28:10.855, 84, 84.07 W, 77 %, 2430 MHz, 8001 MHz, 2430 MHz, 0x0000000000000004
2026/05/01 20:28:11.370, 85, 84.80 W, 78 %, 2400 MHz, 8001 MHz, 2400 MHz, 0x0000000000000004
2026/05/01 20:28:11.882, 85, 84.11 W, 70 %, 2475 MHz, 8001 MHz, 2475 MHz, 0x0000000000000000
2026/05/01 20:28:12.396, 84, 81.56 W, 69 %, 2475 MHz, 8001 MHz, 2475 MHz, 0x0000000000000000
2026/05/01 20:28:12.911, 86, 88.24 W, 76 %, 2415 MHz, 8001 MHz, 2415 MHz, 0x0000000000000004
2026/05/01 20:28:13.426, 86, 85.21 W, 77 %, 2400 MHz, 8001 MHz, 2400 MHz, 0x0000000000000004
2026/05/01 20:28:13.927, 86, 85.93 W, 79 %, 2430 MHz, 8001 MHz, 2430 MHz, 0x0000000000000004
2026/05/01 20:28:14.433, 85, 85.39 W, 71 %, 2475 MHz, 8001 MHz, 2475 MHz, 0x0000000000000000
2026/05/01 20:28:14.933, 86, 85.76 W, 79 %, 2445 MHz, 8001 MHz, 2445 MHz, 0x0000000000000004
2026/05/01 20:28:15.443, 86, 87.16 W, 76 %, 2415 MHz, 8001 MHz, 2415 MHz, 0x0000000000000004
2026/05/01 20:28:15.953, 86, 87.76 W, 80 %, 2415 MHz, 8001 MHz, 2415 MHz, 0x0000000000000004
2026/05/01 20:28:16.464, 86, 86.66 W, 83 %, 2355 MHz, 8001 MHz, 2355 MHz, 0x0000000000000004
2026/05/01 20:28:16.973, 86, 85.98 W, 79 %, 2460 MHz, 8001 MHz, 2460 MHz, 0x0000000000000004
2026/05/01 20:28:17.475, 79, 58.96 W, 5 %, 2475 MHz, 8001 MHz, 2475 MHz, 0x0000000000000000
2026/05/01 20:28:17.989, 80, 61.93 W, 42 %, 2475 MHz, 8001 MHz, 2475 MHz, 0x0000000000000000
2026/05/01 20:28:18.491, 82, 63.53 W, 50 %, 2475 MHz, 8001 MHz, 2475 MHz, 0x0000000000000000
2026/05/01 20:28:19.006, 82, 68.27 W, 51 %, 2475 MHz, 8001 MHz, 2475 MHz, 0x0000000000000000
2026/05/01 20:28:19.521, 82, 69.47 W, 53 %, 2475 MHz, 8001 MHz, 2475 MHz, 0x0000000000000000
2026/05/01 20:28:20.022, 82, 68.57 W, 55 %, 2475 MHz, 8001 MHz, 2475 MHz, 0x0000000000000000
2026/05/01 20:28:20.535, 82, 68.69 W, 53 %, 2475 MHz, 8001 MHz, 2475 MHz, 0x0000000000000000
2026/05/01 20:28:21.049, 82, 68.83 W, 53 %, 2475 MHz, 8001 MHz, 2475 MHz, 0x0000000000000000
2026/05/01 20:28:21.564, 82, 70.47 W, 57 %, 2475 MHz, 8001 MHz, 2475 MHz, 0x0000000000000000
2026/05/01 20:28:22.072, 83, 72.25 W, 59 %, 2475 MHz, 8001 MHz, 2475 MHz, 0x0000000000000000
2026/05/01 20:28:22.574, 83, 72.58 W, 58 %, 2475 MHz, 8001 MHz, 2475 MHz, 0x0000000000000000
2026/05/01 20:28:23.074, 83, 73.49 W, 56 %, 2475 MHz, 8001 MHz, 2475 MHz, 0x0000000000000000
2026/05/01 20:28:23.584, 84, 73.79 W, 57 %, 2475 MHz, 8001 MHz, 2475 MHz, 0x0000000000000000
2026/05/01 20:28:24.094, 79, 68.16 W, 13 %, 2475 MHz, 8001 MHz, 2475 MHz, 0x0000000000000000
2026/05/01 20:28:24.604, 80, 60.34 W, 43 %, 2475 MHz, 8001 MHz, 2475 MHz, 0x0000000000000000
2026/05/01 20:28:25.115, 81, 62.48 W, 45 %, 2475 MHz, 8001 MHz, 2475 MHz, 0x0000000000000000
2026/05/01 20:28:25.625, 81, 64.80 W, 50 %, 2475 MHz, 8001 MHz, 2475 MHz, 0x0000000000000000
2026/05/01 20:28:26.129, 81, 64.94 W, 52 %, 2475 MHz, 8001 MHz, 2475 MHz, 0x0000000000000000
2026/05/01 20:28:26.641, 81, 66.67 W, 52 %, 2475 MHz, 8001 MHz, 2475 MHz, 0x0000000000000000
2026/05/01 20:28:27.157, 82, 67.13 W, 53 %, 2475 MHz, 8001 MHz, 2475 MHz, 0x0000000000000000
2026/05/01 20:28:27.659, 81, 66.50 W, 52 %, 2475 MHz, 8001 MHz, 2475 MHz, 0x0000000000000000
2026/05/01 20:28:28.174, 82, 67.61 W, 52 %, 2475 MHz, 8001 MHz, 2475 MHz, 0x0000000000000000
2026/05/01 20:28:28.690, 82, 68.23 W, 52 %, 2475 MHz, 8001 MHz, 2475 MHz, 0x0000000000000000
2026/05/01 20:28:29.203, 82, 69.83 W, 57 %, 2475 MHz, 8001 MHz, 2475 MHz, 0x0000000000000000
2026/05/01 20:28:29.706, 82, 71.07 W, 57 %, 2475 MHz, 8001 MHz, 2475 MHz, 0x0000000000000000
2026/05/01 20:28:30.215, 82, 71.03 W, 54 %, 2475 MHz, 8001 MHz, 2475 MHz, 0x0000000000000000
2026/05/01 20:28:30.724, 83, 73.01 W, 60 %, 2475 MHz, 8001 MHz, 2475 MHz, 0x0000000000000000
2026/05/01 20:28:31.225, 83, 74.31 W, 62 %, 2475 MHz, 8001 MHz, 2475 MHz, 0x0000000000000000
2026/05/01 20:28:31.735, 83, 73.68 W, 59 %, 2475 MHz, 8001 MHz, 2475 MHz, 0x0000000000000000
2026/05/01 20:28:32.235, 83, 76.00 W, 64 %, 2475 MHz, 8001 MHz, 2475 MHz, 0x0000000000000000
2026/05/01 20:28:32.741, 83, 74.94 W, 63 %, 2475 MHz, 8001 MHz, 2475 MHz, 0x0000000000000000
2026/05/01 20:28:33.252, 82, 76.02 W, 62 %, 2475 MHz, 8001 MHz, 2475 MHz, 0x0000000000000000
2026/05/01 20:28:33.754, 78, 68.95 W, 11 %, 2475 MHz, 8001 MHz, 2475 MHz, 0x0000000000000000
2026/05/01 20:28:34.266, 79, 49.55 W, 38 %, 2475 MHz, 8001 MHz, 2475 MHz, 0x0000000000000000
2026/05/01 20:28:34.768, 80, 61.10 W, 44 %, 2475 MHz, 8001 MHz, 2475 MHz, 0x0000000000000000
2026/05/01 20:28:35.269, 80, 60.67 W, 46 %, 2475 MHz, 8001 MHz, 2475 MHz, 0x0000000000000000
2026/05/01 20:28:35.771, 80, 60.72 W, 40 %, 2475 MHz, 8001 MHz, 2475 MHz, 0x0000000000000000
2026/05/01 20:28:36.286, 81, 62.59 W, 44 %, 2475 MHz, 8001 MHz, 2475 MHz, 0x0000000000000000
2026/05/01 20:28:36.802, 81, 64.36 W, 48 %, 2475 MHz, 8001 MHz, 2475 MHz, 0x0000000000000000
2026/05/01 20:28:37.302, 80, 64.52 W, 45 %, 2475 MHz, 8001 MHz, 2475 MHz, 0x0000000000000000
2026/05/01 20:28:37.803, 81, 63.17 W, 44 %, 2475 MHz, 8001 MHz, 2475 MHz, 0x0000000000000000
2026/05/01 20:28:38.305, 81, 65.63 W, 44 %, 2475 MHz, 8001 MHz, 2475 MHz, 0x0000000000000000
2026/05/01 20:28:38.815, 80, 64.49 W, 34 %, 2475 MHz, 8001 MHz, 2475 MHz, 0x0000000000000000
2026/05/01 20:28:39.325, 81, 66.30 W, 52 %, 2475 MHz, 8001 MHz, 2475 MHz, 0x0000000000000000
2026/05/01 20:28:39.825, 82, 68.48 W, 54 %, 2475 MHz, 8001 MHz, 2475 MHz, 0x0000000000000000
2026/05/01 20:28:40.335, 82, 69.47 W, 53 %, 2475 MHz, 8001 MHz, 2475 MHz, 0x0000000000000000
2026/05/01 20:28:40.838, 81, 70.08 W, 54 %, 2475 MHz, 8001 MHz, 2475 MHz, 0x0000000000000000
2026/05/01 20:28:41.351, 81, 65.61 W, 48 %, 2475 MHz, 8001 MHz, 2475 MHz, 0x0000000000000000
2026/05/01 20:28:41.864, 81, 64.42 W, 42 %, 2475 MHz, 8001 MHz, 2475 MHz, 0x0000000000000000
2026/05/01 20:28:42.375, 80, 65.45 W, 50 %, 2475 MHz, 8001 MHz, 2475 MHz, 0x0000000000000000
2026/05/01 20:28:42.879, 80, 63.11 W, 45 %, 2475 MHz, 8001 MHz, 2475 MHz, 0x0000000000000000
2026/05/01 20:28:43.389, 81, 63.10 W, 48 %, 2475 MHz, 8001 MHz, 2475 MHz, 0x0000000000000000
2026/05/01 20:28:43.903, 81, 64.68 W, 51 %, 2475 MHz, 8001 MHz, 2475 MHz, 0x0000000000000000
2026/05/01 20:28:44.419, 81, 64.03 W, 46 %, 2475 MHz, 8001 MHz, 2475 MHz, 0x0000000000000000
2026/05/01 20:28:44.932, 80, 62.47 W, 45 %, 2475 MHz, 8001 MHz, 2475 MHz, 0x0000000000000000
2026/05/01 20:28:45.435, 81, 62.37 W, 51 %, 2475 MHz, 8001 MHz, 2475 MHz, 0x0000000000000000
2026/05/01 20:28:45.935, 76, 59.74 W, 14 %, 2475 MHz, 8001 MHz, 2475 MHz, 0x0000000000000000
2026/05/01 20:28:46.446, 82, 56.97 W, 56 %, 2475 MHz, 8001 MHz, 2475 MHz, 0x0000000000000000
2026/05/01 20:28:46.955, 84, 65.76 W, 77 %, 2370 MHz, 8001 MHz, 2370 MHz, 0x0000000000000004
2026/05/01 20:28:47.456, 84, 81.30 W, 79 %, 2310 MHz, 8001 MHz, 2310 MHz, 0x0000000000000004
2026/05/01 20:28:47.956, 84, 83.01 W, 81 %, 2400 MHz, 8001 MHz, 2400 MHz, 0x0000000000000004
2026/05/01 20:28:48.471, 84, 84.42 W, 79 %, 2400 MHz, 8001 MHz, 2400 MHz, 0x0000000000000004
2026/05/01 20:28:48.974, 84, 83.63 W, 81 %, 2370 MHz, 8001 MHz, 2370 MHz, 0x0000000000000004
2026/05/01 20:28:49.479, 84, 84.82 W, 76 %, 2385 MHz, 8001 MHz, 2385 MHz, 0x0000000000000004
2026/05/01 20:28:49.981, 85, 83.93 W, 78 %, 2415 MHz, 8001 MHz, 2415 MHz, 0x0000000000000004
2026/05/01 20:28:50.491, 84, 84.72 W, 79 %, 2355 MHz, 8001 MHz, 2355 MHz, 0x0000000000000004
2026/05/01 20:28:50.992, 84, 78.84 W, 68 %, 2430 MHz, 8001 MHz, 2430 MHz, 0x0000000000000000
2026/05/01 20:28:51.507, 85, 85.14 W, 77 %, 2355 MHz, 8001 MHz, 2355 MHz, 0x0000000000000004
2026/05/01 20:28:52.020, 85, 85.16 W, 83 %, 2355 MHz, 8001 MHz, 2355 MHz, 0x0000000000000004
2026/05/01 20:28:52.523, 85, 85.39 W, 82 %, 2340 MHz, 8001 MHz, 2340 MHz, 0x0000000000000004
2026/05/01 20:28:53.024, 85, 85.32 W, 82 %, 2355 MHz, 8001 MHz, 2355 MHz, 0x0000000000000004
2026/05/01 20:28:53.534, 85, 85.20 W, 84 %, 2325 MHz, 8001 MHz, 2325 MHz, 0x0000000000000004
2026/05/01 20:28:54.036, 85, 86.58 W, 81 %, 2355 MHz, 8001 MHz, 2355 MHz, 0x0000000000000004
2026/05/01 20:28:54.546, 78, 76.96 W, 18 %, 2475 MHz, 8001 MHz, 2475 MHz, 0x0000000000000000
2026/05/01 20:28:55.046, 84, 71.23 W, 57 %, 2475 MHz, 8001 MHz, 2475 MHz, 0x0000000000000000
2026/05/01 20:28:55.556, 86, 78.67 W, 72 %, 2475 MHz, 8001 MHz, 2475 MHz, 0x0000000000000004
2026/05/01 20:28:56.064, 85, 83.58 W, 72 %, 2445 MHz, 8001 MHz, 2445 MHz, 0x0000000000000004
2026/05/01 20:28:56.578, 85, 81.85 W, 70 %, 2475 MHz, 8001 MHz, 2475 MHz, 0x0000000000000000
2026/05/01 20:28:57.079, 86, 81.82 W, 72 %, 2475 MHz, 8001 MHz, 2475 MHz, 0x0000000000000000
2026/05/01 20:28:57.594, 85, 83.29 W, 71 %, 2475 MHz, 8001 MHz, 2475 MHz, 0x0000000000000000
2026/05/01 20:28:58.094, 86, 83.03 W, 68 %, 2475 MHz, 8001 MHz, 2475 MHz, 0x0000000000000004
2026/05/01 20:28:58.595, 86, 82.87 W, 71 %, 2475 MHz, 8001 MHz, 2475 MHz, 0x0000000000000004
2026/05/01 20:28:59.103, 85, 81.75 W, 68 %, 2475 MHz, 8001 MHz, 2475 MHz, 0x0000000000000000
2026/05/01 20:28:59.618, 86, 82.18 W, 69 %, 2475 MHz, 8001 MHz, 2475 MHz, 0x0000000000000000
2026/05/01 20:29:00.120, 85, 83.04 W, 70 %, 2475 MHz, 8001 MHz, 2475 MHz, 0x0000000000000000
2026/05/01 20:29:00.634, 86, 82.56 W, 69 %, 2475 MHz, 8001 MHz, 2475 MHz, 0x0000000000000000
2026/05/01 20:29:01.136, 86, 82.60 W, 70 %, 2475 MHz, 8001 MHz, 2475 MHz, 0x0000000000000000
2026/05/01 20:29:01.637, 86, 85.77 W, 74 %, 2475 MHz, 8001 MHz, 2475 MHz, 0x0000000000000004
2026/05/01 20:29:02.147, 86, 85.95 W, 76 %, 2430 MHz, 8001 MHz, 2430 MHz, 0x0000000000000004
2026/05/01 20:29:02.657, 86, 85.14 W, 74 %, 2445 MHz, 8001 MHz, 2445 MHz, 0x0000000000000004
2026/05/01 20:29:03.167, 86, 85.16 W, 76 %, 2460 MHz, 8001 MHz, 2460 MHz, 0x0000000000000004
2026/05/01 20:29:03.677, 87, 84.41 W, 74 %, 2460 MHz, 8001 MHz, 2460 MHz, 0x0000000000000004
2026/05/01 20:29:04.178, 84, 79.05 W, 48 %, 2475 MHz, 8001 MHz, 2475 MHz, 0x0000000000000000
2026/05/01 20:29:04.678, 86, 82.72 W, 70 %, 2445 MHz, 8001 MHz, 2445 MHz, 0x0000000000000000
2026/05/01 20:29:05.182, 86, 85.55 W, 76 %, 2445 MHz, 8001 MHz, 2445 MHz, 0x0000000000000004
2026/05/01 20:29:05.684, 86, 85.40 W, 76 %, 2415 MHz, 8001 MHz, 2415 MHz, 0x0000000000000004
2026/05/01 20:29:06.185, 87, 86.58 W, 73 %, 2430 MHz, 8001 MHz, 2430 MHz, 0x0000000000000004
2026/05/01 20:29:06.687, 86, 86.14 W, 74 %, 2385 MHz, 8001 MHz, 2385 MHz, 0x0000000000000004
2026/05/01 20:29:07.188, 86, 85.66 W, 72 %, 2460 MHz, 8001 MHz, 2460 MHz, 0x0000000000000000
2026/05/01 20:29:07.703, 87, 85.81 W, 75 %, 2415 MHz, 8001 MHz, 2415 MHz, 0x0000000000000004
2026/05/01 20:29:08.204, 86, 85.77 W, 71 %, 2430 MHz, 8001 MHz, 2430 MHz, 0x0000000000000004
2026/05/01 20:29:08.707, 87, 85.12 W, 71 %, 2445 MHz, 8001 MHz, 2445 MHz, 0x0000000000000004
2026/05/01 20:29:09.216, 87, 85.44 W, 75 %, 2430 MHz, 8001 MHz, 2430 MHz, 0x0000000000000004
2026/05/01 20:29:09.717, 87, 90.31 W, 75 %, 2430 MHz, 8001 MHz, 2430 MHz, 0x0000000000000004
2026/05/01 20:29:10.217, 87, 85.88 W, 74 %, 2430 MHz, 8001 MHz, 2430 MHz, 0x0000000000000004
2026/05/01 20:29:10.727, 87, 86.63 W, 74 %, 2445 MHz, 8001 MHz, 2445 MHz, 0x0000000000000004
2026/05/01 20:29:11.237, 86, 85.05 W, 79 %, 2355 MHz, 8001 MHz, 2355 MHz, 0x0000000000000020
2026/05/01 20:29:11.739, 87, 84.30 W, 70 %, 2430 MHz, 8001 MHz, 2430 MHz, 0x0000000000000004
2026/05/01 20:29:12.254, 87, 85.73 W, 75 %, 2430 MHz, 8001 MHz, 2430 MHz, 0x0000000000000004
2026/05/01 20:29:12.768, 86, 83.97 W, 75 %, 2325 MHz, 8001 MHz, 2325 MHz, 0x0000000000000020
2026/05/01 20:29:13.283, 87, 83.30 W, 73 %, 2430 MHz, 8001 MHz, 2430 MHz, 0x0000000000000020
2026/05/01 20:29:13.785, 87, 84.60 W, 76 %, 2400 MHz, 8001 MHz, 2400 MHz, 0x0000000000000020
2026/05/01 20:29:14.286, 87, 84.99 W, 76 %, 2415 MHz, 8001 MHz, 2415 MHz, 0x0000000000000020
2026/05/01 20:29:14.790, 87, 85.01 W, 76 %, 2415 MHz, 8001 MHz, 2415 MHz, 0x0000000000000020
2026/05/01 20:29:15.306, 81, 79.23 W, 27 %, 2475 MHz, 8001 MHz, 2475 MHz, 0x0000000000000000
2026/05/01 20:29:15.811, 86, 84.79 W, 80 %, 2325 MHz, 8001 MHz, 2325 MHz, 0x0000000000000020
2026/05/01 20:29:16.313, 87, 83.68 W, 92 %, 2280 MHz, 8001 MHz, 2280 MHz, 0x0000000000000020
2026/05/01 20:29:16.817, 87, 84.35 W, 90 %, 2250 MHz, 8001 MHz, 2250 MHz, 0x0000000000000020
2026/05/01 20:29:17.318, 87, 83.11 W, 93 %, 2250 MHz, 8001 MHz, 2250 MHz, 0x0000000000000020
2026/05/01 20:29:17.827, 87, 77.02 W, 91 %, 2235 MHz, 8001 MHz, 2235 MHz, 0x0000000000000020
2026/05/01 20:29:18.328, 87, 84.75 W, 94 %, 2235 MHz, 8001 MHz, 2235 MHz, 0x0000000000000020
2026/05/01 20:29:18.838, 86, 83.30 W, 95 %, 2175 MHz, 8001 MHz, 2175 MHz, 0x0000000000000020
2026/05/01 20:29:19.349, 86, 78.63 W, 86 %, 2280 MHz, 8001 MHz, 2280 MHz, 0x0000000000000020
2026/05/01 20:29:19.850, 86, 75.25 W, 89 %, 2265 MHz, 8001 MHz, 2265 MHz, 0x0000000000000020
2026/05/01 20:29:20.365, 86, 81.52 W, 97 %, 2175 MHz, 8001 MHz, 2175 MHz, 0x0000000000000020
2026/05/01 20:29:20.880, 86, 82.28 W, 94 %, 2190 MHz, 8001 MHz, 2190 MHz, 0x0000000000000020
2026/05/01 20:29:21.396, 87, 81.52 W, 92 %, 2235 MHz, 8001 MHz, 2235 MHz, 0x0000000000000020
2026/05/01 20:29:21.908, 87, 84.98 W, 88 %, 2310 MHz, 8001 MHz, 2310 MHz, 0x0000000000000020
2026/05/01 20:29:22.423, 86, 80.49 W, 89 %, 2280 MHz, 8001 MHz, 2280 MHz, 0x0000000000000020
2026/05/01 20:29:22.938, 86, 81.63 W, 87 %, 2355 MHz, 8001 MHz, 2355 MHz, 0x0000000000000020
2026/05/01 20:29:23.440, 86, 82.03 W, 89 %, 2325 MHz, 8001 MHz, 2325 MHz, 0x0000000000000020
2026/05/01 20:29:23.954, 87, 82.94 W, 87 %, 2310 MHz, 8001 MHz, 2310 MHz, 0x0000000000000020
2026/05/01 20:29:24.458, 86, 77.87 W, 87 %, 2280 MHz, 8001 MHz, 2280 MHz, 0x0000000000000020
2026/05/01 20:29:24.968, 78, 70.61 W, 11 %, 2475 MHz, 8001 MHz, 2475 MHz, 0x0000000000000000
2026/05/01 20:29:25.478, 84, 69.35 W, 54 %, 2475 MHz, 8001 MHz, 2475 MHz, 0x0000000000000000
2026/05/01 20:29:25.988, 86, 81.23 W, 67 %, 2475 MHz, 8001 MHz, 2475 MHz, 0x0000000000000000
2026/05/01 20:29:26.498, 86, 81.21 W, 67 %, 2475 MHz, 8001 MHz, 2475 MHz, 0x0000000000000000
2026/05/01 20:29:27.008, 86, 80.89 W, 65 %, 2475 MHz, 8001 MHz, 2475 MHz, 0x0000000000000000
2026/05/01 20:29:27.522, 86, 81.66 W, 68 %, 2475 MHz, 8001 MHz, 2475 MHz, 0x0000000000000000
2026/05/01 20:29:28.024, 86, 81.75 W, 69 %, 2475 MHz, 8001 MHz, 2475 MHz, 0x0000000000000000
2026/05/01 20:29:28.539, 87, 81.41 W, 69 %, 2475 MHz, 8001 MHz, 2475 MHz, 0x0000000000000000
2026/05/01 20:29:29.047, 87, 83.21 W, 70 %, 2475 MHz, 8001 MHz, 2475 MHz, 0x0000000000000000
2026/05/01 20:29:29.548, 86, 81.51 W, 68 %, 2475 MHz, 8001 MHz, 2475 MHz, 0x0000000000000004
2026/05/01 20:29:30.050, 86, 82.11 W, 69 %, 2475 MHz, 8001 MHz, 2475 MHz, 0x0000000000000000
2026/05/01 20:29:30.564, 86, 81.43 W, 69 %, 2475 MHz, 8001 MHz, 2475 MHz, 0x0000000000000000
2026/05/01 20:29:31.065, 86, 81.49 W, 70 %, 2475 MHz, 8001 MHz, 2475 MHz, 0x0000000000000000
2026/05/01 20:29:31.580, 86, 81.98 W, 67 %, 2475 MHz, 8001 MHz, 2475 MHz, 0x0000000000000000
2026/05/01 20:29:32.087, 87, 80.67 W, 71 %, 2475 MHz, 8001 MHz, 2475 MHz, 0x0000000000000000
2026/05/01 20:29:32.589, 86, 81.40 W, 69 %, 2475 MHz, 8001 MHz, 2475 MHz, 0x0000000000000000
2026/05/01 20:29:33.099, 87, 82.47 W, 68 %, 2475 MHz, 8001 MHz, 2475 MHz, 0x0000000000000000
2026/05/01 20:29:33.609, 87, 82.26 W, 68 %, 2475 MHz, 8001 MHz, 2475 MHz, 0x0000000000000000
2026/05/01 20:29:34.119, 87, 82.67 W, 69 %, 2475 MHz, 8001 MHz, 2475 MHz, 0x0000000000000000
2026/05/01 20:29:34.619, 87, 83.34 W, 71 %, 2475 MHz, 8001 MHz, 2475 MHz, 0x0000000000000004
2026/05/01 20:29:35.127, 86, 75.74 W, 61 %, 2475 MHz, 8001 MHz, 2475 MHz, 0x0000000000000000
2026/05/01 20:29:35.640, 80, 69.16 W, 16 %, 2475 MHz, 8001 MHz, 2475 MHz, 0x0000000000000000
2026/05/01 20:29:36.155, 84, 61.79 W, 47 %, 2475 MHz, 8001 MHz, 2475 MHz, 0x0000000000000000
2026/05/01 20:29:36.663, 85, 76.52 W, 68 %, 2475 MHz, 8001 MHz, 2475 MHz, 0x0000000000000000
2026/05/01 20:29:37.165, 86, 77.86 W, 69 %, 2475 MHz, 8001 MHz, 2475 MHz, 0x0000000000000000
2026/05/01 20:29:37.677, 86, 80.02 W, 70 %, 2475 MHz, 8001 MHz, 2475 MHz, 0x0000000000000000
2026/05/01 20:29:38.190, 86, 80.03 W, 72 %, 2475 MHz, 8001 MHz, 2475 MHz, 0x0000000000000000
2026/05/01 20:29:38.693, 84, 81.15 W, 72 %, 2475 MHz, 8001 MHz, 2475 MHz, 0x0000000000000000
2026/05/01 20:29:39.197, 84, 77.84 W, 54 %, 2475 MHz, 8001 MHz, 2475 MHz, 0x0000000000000000
2026/05/01 20:29:39.699, 84, 66.63 W, 51 %, 2475 MHz, 8001 MHz, 2475 MHz, 0x0000000000000000
2026/05/01 20:29:40.209, 84, 67.35 W, 53 %, 2475 MHz, 8001 MHz, 2475 MHz, 0x0000000000000000
2026/05/01 20:29:40.709, 84, 70.76 W, 56 %, 2475 MHz, 8001 MHz, 2475 MHz, 0x0000000000000000
2026/05/01 20:29:41.219, 84, 70.60 W, 54 %, 2475 MHz, 8001 MHz, 2475 MHz, 0x0000000000000000
2026/05/01 20:29:41.723, 84, 72.89 W, 56 %, 2475 MHz, 8001 MHz, 2475 MHz, 0x0000000000000000
2026/05/01 20:29:42.229, 85, 73.41 W, 61 %, 2475 MHz, 8001 MHz, 2475 MHz, 0x0000000000000000
2026/05/01 20:29:42.738, 85, 78.39 W, 63 %, 2475 MHz, 8001 MHz, 2475 MHz, 0x0000000000000000
2026/05/01 20:29:43.238, 84, 77.06 W, 57 %, 2475 MHz, 8001 MHz, 2475 MHz, 0x0000000000000000
2026/05/01 20:29:43.742, 85, 75.79 W, 61 %, 2475 MHz, 8001 MHz, 2475 MHz, 0x0000000000000000
2026/05/01 20:29:44.256, 85, 73.86 W, 60 %, 2475 MHz, 8001 MHz, 2475 MHz, 0x0000000000000000
2026/05/01 20:29:44.771, 85, 75.11 W, 62 %, 2475 MHz, 8001 MHz, 2475 MHz, 0x0000000000000000
2026/05/01 20:29:45.286, 79, 60.33 W, 16 %, 2475 MHz, 8001 MHz, 2475 MHz, 0x0000000000000000
2026/05/01 20:29:45.801, 85, 74.68 W, 58 %, 2475 MHz, 8001 MHz, 2475 MHz, 0x0000000000000000
2026/05/01 20:29:46.316, 87, 84.36 W, 69 %, 2475 MHz, 8001 MHz, 2475 MHz, 0x0000000000000000
2026/05/01 20:29:46.818, 86, 83.68 W, 68 %, 2475 MHz, 8001 MHz, 2475 MHz, 0x0000000000000004
2026/05/01 20:29:47.333, 87, 83.73 W, 66 %, 2445 MHz, 8001 MHz, 2445 MHz, 0x0000000000000000
2026/05/01 20:29:47.840, 87, 84.41 W, 72 %, 2415 MHz, 8001 MHz, 2415 MHz, 0x0000000000000020
2026/05/01 20:29:48.340, 86, 83.52 W, 76 %, 2445 MHz, 8001 MHz, 2445 MHz, 0x0000000000000020
2026/05/01 20:29:48.850, 87, 83.18 W, 78 %, 2355 MHz, 8001 MHz, 2355 MHz, 0x0000000000000020
2026/05/01 20:29:49.350, 88, 87.96 W, 77 %, 2340 MHz, 8001 MHz, 2340 MHz, 0x0000000000000024
2026/05/01 20:29:49.860, 86, 85.06 W, 77 %, 2355 MHz, 8001 MHz, 2355 MHz, 0x0000000000000020
2026/05/01 20:29:50.360, 86, 82.99 W, 84 %, 2310 MHz, 8001 MHz, 2310 MHz, 0x0000000000000020
2026/05/01 20:29:50.876, 87, 81.54 W, 73 %, 2355 MHz, 8001 MHz, 2355 MHz, 0x0000000000000020
2026/05/01 20:29:51.376, 87, 82.06 W, 77 %, 2415 MHz, 8001 MHz, 2415 MHz, 0x0000000000000024
2026/05/01 20:29:51.879, 87, 83.08 W, 79 %, 2340 MHz, 8001 MHz, 2340 MHz, 0x0000000000000020
2026/05/01 20:29:52.394, 86, 82.32 W, 79 %, 2355 MHz, 8001 MHz, 2355 MHz, 0x0000000000000020
2026/05/01 20:29:52.896, 86, 81.09 W, 76 %, 2370 MHz, 8001 MHz, 2370 MHz, 0x0000000000000020
2026/05/01 20:29:53.398, 86, 80.50 W, 76 %, 2340 MHz, 8001 MHz, 2340 MHz, 0x0000000000000020
2026/05/01 20:29:53.914, 87, 80.55 W, 76 %, 2385 MHz, 8001 MHz, 2385 MHz, 0x0000000000000020
2026/05/01 20:29:54.427, 86, 80.48 W, 77 %, 2370 MHz, 8001 MHz, 2370 MHz, 0x0000000000000020
2026/05/01 20:29:54.941, 86, 80.20 W, 71 %, 2430 MHz, 8001 MHz, 2430 MHz, 0x0000000000000020
2026/05/01 20:29:55.445, 87, 80.20 W, 68 %, 2475 MHz, 8001 MHz, 2475 MHz, 0x0000000000000000
2026/05/01 20:29:55.950, 86, 81.38 W, 68 %, 2445 MHz, 8001 MHz, 2445 MHz, 0x0000000000000020
2026/05/01 20:29:56.460, 81, 56.80 W, 23 %, 2475 MHz, 8001 MHz, 2475 MHz, 0x0000000000000000
2026/05/01 20:29:56.971, 87, 84.30 W, 72 %, 2445 MHz, 8001 MHz, 2445 MHz, 0x0000000000000004
2026/05/01 20:29:57.481, 86, 79.60 W, 88 %, 2280 MHz, 8001 MHz, 2280 MHz, 0x0000000000000020
2026/05/01 20:29:57.990, 87, 83.32 W, 83 %, 2295 MHz, 8001 MHz, 2295 MHz, 0x0000000000000020
2026/05/01 20:29:58.496, 87, 83.73 W, 85 %, 2280 MHz, 8001 MHz, 2280 MHz, 0x0000000000000020
2026/05/01 20:29:59.011, 87, 84.16 W, 83 %, 2310 MHz, 8001 MHz, 2310 MHz, 0x0000000000000020
2026/05/01 20:29:59.513, 86, 83.19 W, 84 %, 2295 MHz, 8001 MHz, 2295 MHz, 0x0000000000000020
2026/05/01 20:30:00.014, 86, 81.47 W, 82 %, 2295 MHz, 8001 MHz, 2295 MHz, 0x0000000000000020
2026/05/01 20:30:00.529, 87, 79.08 W, 78 %, 2280 MHz, 8001 MHz, 2280 MHz, 0x0000000000000020
2026/05/01 20:30:01.032, 87, 83.63 W, 83 %, 2280 MHz, 8001 MHz, 2280 MHz, 0x0000000000000020
2026/05/01 20:30:01.533, 86, 81.32 W, 82 %, 2280 MHz, 8001 MHz, 2280 MHz, 0x0000000000000020
2026/05/01 20:30:02.038, 87, 85.13 W, 81 %, 2325 MHz, 8001 MHz, 2325 MHz, 0x0000000000000020
2026/05/01 20:30:02.547, 85, 78.58 W, 79 %, 2355 MHz, 8001 MHz, 2355 MHz, 0x0000000000000020
2026/05/01 20:30:03.053, 87, 81.12 W, 82 %, 2415 MHz, 8001 MHz, 2415 MHz, 0x0000000000000020
2026/05/01 20:30:03.561, 87, 82.15 W, 82 %, 2280 MHz, 8001 MHz, 2280 MHz, 0x0000000000000020
2026/05/01 20:30:04.071, 87, 82.42 W, 87 %, 2235 MHz, 8001 MHz, 2235 MHz, 0x0000000000000020
2026/05/01 20:30:04.581, 85, 81.02 W, 90 %, 2280 MHz, 8001 MHz, 2280 MHz, 0x0000000000000020
2026/05/01 20:30:05.091, 87, 82.70 W, 85 %, 2310 MHz, 8001 MHz, 2310 MHz, 0x0000000000000020
2026/05/01 20:30:05.591, 87, 84.58 W, 80 %, 2175 MHz, 8001 MHz, 2175 MHz, 0x0000000000000020
2026/05/01 20:30:06.097, 79, 77.72 W, 12 %, 2475 MHz, 8001 MHz, 2475 MHz, 0x0000000000000000
2026/05/01 20:30:06.611, 85, 72.66 W, 59 %, 2475 MHz, 8001 MHz, 2475 MHz, 0x0000000000000000
2026/05/01 20:30:07.126, 87, 82.25 W, 72 %, 2475 MHz, 8001 MHz, 2475 MHz, 0x0000000000000000
2026/05/01 20:30:07.641, 87, 82.31 W, 68 %, 2475 MHz, 8001 MHz, 2475 MHz, 0x0000000000000004
2026/05/01 20:30:08.157, 87, 86.50 W, 86 %, 2250 MHz, 8001 MHz, 2250 MHz, 0x0000000000000020
2026/05/01 20:30:08.658, 87, 83.07 W, 86 %, 2310 MHz, 8001 MHz, 2310 MHz, 0x0000000000000020
2026/05/01 20:30:09.173, 87, 81.87 W, 84 %, 2250 MHz, 8001 MHz, 2250 MHz, 0x0000000000000020
2026/05/01 20:30:09.688, 86, 82.53 W, 88 %, 2280 MHz, 8001 MHz, 2280 MHz, 0x0000000000000020
2026/05/01 20:30:10.192, 86, 83.05 W, 86 %, 2310 MHz, 8001 MHz, 2310 MHz, 0x0000000000000020
2026/05/01 20:30:10.705, 86, 82.26 W, 85 %, 2310 MHz, 8001 MHz, 2310 MHz, 0x0000000000000020
2026/05/01 20:30:11.210, 87, 81.44 W, 82 %, 2340 MHz, 8001 MHz, 2340 MHz, 0x0000000000000020
2026/05/01 20:30:11.711, 86, 81.83 W, 83 %, 2355 MHz, 8001 MHz, 2355 MHz, 0x0000000000000020
2026/05/01 20:30:12.222, 87, 82.21 W, 79 %, 2370 MHz, 8001 MHz, 2370 MHz, 0x0000000000000020
2026/05/01 20:30:12.732, 87, 81.61 W, 78 %, 2340 MHz, 8001 MHz, 2340 MHz, 0x0000000000000020
2026/05/01 20:30:13.242, 86, 81.49 W, 78 %, 2355 MHz, 8001 MHz, 2355 MHz, 0x0000000000000020
2026/05/01 20:30:13.752, 86, 82.78 W, 76 %, 2340 MHz, 8001 MHz, 2340 MHz, 0x0000000000000020
2026/05/01 20:30:14.255, 87, 80.62 W, 77 %, 2355 MHz, 8001 MHz, 2355 MHz, 0x0000000000000020
2026/05/01 20:30:14.759, 87, 81.33 W, 74 %, 2400 MHz, 8001 MHz, 2400 MHz, 0x0000000000000020
2026/05/01 20:30:15.274, 87, 81.42 W, 70 %, 2385 MHz, 8001 MHz, 2385 MHz, 0x0000000000000020
2026/05/01 20:30:15.775, 82, 75.49 W, 19 %, 2475 MHz, 8001 MHz, 2475 MHz, 0x0000000000000000
2026/05/01 20:30:16.276, 85, 67.70 W, 57 %, 2475 MHz, 8001 MHz, 2475 MHz, 0x0000000000000000
2026/05/01 20:30:16.791, 84, 69.23 W, 54 %, 2475 MHz, 8001 MHz, 2475 MHz, 0x0000000000000000
2026/05/01 20:30:17.292, 85, 71.10 W, 56 %, 2475 MHz, 8001 MHz, 2475 MHz, 0x0000000000000000
2026/05/01 20:30:17.795, 85, 71.87 W, 55 %, 2475 MHz, 8001 MHz, 2475 MHz, 0x0000000000000000
2026/05/01 20:30:18.296, 85, 71.22 W, 55 %, 2475 MHz, 8001 MHz, 2475 MHz, 0x0000000000000000
2026/05/01 20:30:18.806, 84, 67.62 W, 51 %, 2475 MHz, 8001 MHz, 2475 MHz, 0x0000000000000000
2026/05/01 20:30:19.312, 85, 66.80 W, 52 %, 2475 MHz, 8001 MHz, 2475 MHz, 0x0000000000000000
2026/05/01 20:30:19.822, 80, 56.06 W, 43 %, 2475 MHz, 8001 MHz, 2475 MHz, 0x0000000000000000
2026/05/01 20:30:20.332, 82, 61.33 W, 46 %, 2475 MHz, 8001 MHz, 2475 MHz, 0x0000000000000000
2026/05/01 20:30:20.842, 82, 59.23 W, 36 %, 2475 MHz, 8001 MHz, 2475 MHz, 0x0000000000000000
2026/05/01 20:30:21.352, 83, 65.97 W, 51 %, 2475 MHz, 8001 MHz, 2475 MHz, 0x0000000000000000
2026/05/01 20:30:21.864, 83, 64.18 W, 49 %, 2475 MHz, 8001 MHz, 2475 MHz, 0x0000000000000000
2026/05/01 20:30:22.365, 83, 76.83 W, 53 %, 2475 MHz, 8001 MHz, 2475 MHz, 0x0000000000000000
2026/05/01 20:30:22.866, 83, 66.16 W, 53 %, 2475 MHz, 8001 MHz, 2475 MHz, 0x0000000000000000
2026/05/01 20:30:23.379, 82, 65.59 W, 49 %, 2475 MHz, 8001 MHz, 2475 MHz, 0x0000000000000000
2026/05/01 20:30:23.891, 83, 65.61 W, 51 %, 2475 MHz, 8001 MHz, 2475 MHz, 0x0000000000000000
2026/05/01 20:30:24.407, 82, 64.92 W, 48 %, 2475 MHz, 8001 MHz, 2475 MHz, 0x0000000000000000
2026/05/01 20:30:24.921, 82, 65.49 W, 47 %, 2475 MHz, 8001 MHz, 2475 MHz, 0x0000000000000000
2026/05/01 20:30:25.435, 82, 59.84 W, 48 %, 2475 MHz, 8001 MHz, 2475 MHz, 0x0000000000000000
2026/05/01 20:30:25.949, 84, 67.14 W, 54 %, 2475 MHz, 8001 MHz, 2475 MHz, 0x0000000000000000
2026/05/01 20:30:26.463, 84, 57.82 W, 43 %, 2475 MHz, 8001 MHz, 2475 MHz, 0x0000000000000000
2026/05/01 20:30:26.972, 84, 70.03 W, 56 %, 2475 MHz, 8001 MHz, 2475 MHz, 0x0000000000000000
2026/05/01 20:30:27.483, 83, 70.67 W, 58 %, 2475 MHz, 8001 MHz, 2475 MHz, 0x0000000000000000
2026/05/01 20:30:27.992, 84, 69.51 W, 58 %, 2475 MHz, 8001 MHz, 2475 MHz, 0x0000000000000000
2026/05/01 20:30:28.493, 84, 66.67 W, 54 %, 2475 MHz, 8001 MHz, 2475 MHz, 0x0000000000000000
2026/05/01 20:30:28.993, 84, 68.14 W, 54 %, 2475 MHz, 8001 MHz, 2475 MHz, 0x0000000000000000
2026/05/01 20:30:29.494, 84, 71.83 W, 58 %, 2475 MHz, 8001 MHz, 2475 MHz, 0x0000000000000000
2026/05/01 20:30:30.007, 84, 70.23 W, 56 %, 2475 MHz, 8001 MHz, 2475 MHz, 0x0000000000000000
2026/05/01 20:30:30.510, 85, 69.94 W, 59 %, 2475 MHz, 8001 MHz, 2475 MHz, 0x0000000000000000
2026/05/01 20:30:31.025, 85, 75.42 W, 60 %, 2475 MHz, 8001 MHz, 2475 MHz, 0x0000000000000000
2026/05/01 20:30:31.539, 86, 81.55 W, 66 %, 2475 MHz, 8001 MHz, 2475 MHz, 0x0000000000000000
2026/05/01 20:30:32.041, 85, 78.81 W, 64 %, 2475 MHz, 8001 MHz, 2475 MHz, 0x0000000000000000
2026/05/01 20:30:32.542, 86, 79.89 W, 67 %, 2475 MHz, 8001 MHz, 2475 MHz, 0x0000000000000000
2026/05/01 20:30:33.045, 79, 75.67 W, 23 %, 2475 MHz, 8001 MHz, 2475 MHz, 0x0000000000000000
2026/05/01 20:30:33.547, 84, 62.76 W, 49 %, 2475 MHz, 8001 MHz, 2475 MHz, 0x0000000000000000
2026/05/01 20:30:34.062, 86, 77.04 W, 69 %, 2475 MHz, 8001 MHz, 2475 MHz, 0x0000000000000000
2026/05/01 20:30:34.568, 86, 85.94 W, 74 %, 2445 MHz, 8001 MHz, 2445 MHz, 0x0000000000000004
2026/05/01 20:30:35.073, 87, 86.65 W, 74 %, 2385 MHz, 8001 MHz, 2385 MHz, 0x0000000000000020
2026/05/01 20:30:35.583, 87, 83.94 W, 72 %, 2475 MHz, 8001 MHz, 2475 MHz, 0x0000000000000004
2026/05/01 20:30:36.093, 87, 90.62 W, 69 %, 2445 MHz, 8001 MHz, 2445 MHz, 0x0000000000000004
2026/05/01 20:30:36.603, 86, 85.65 W, 72 %, 2415 MHz, 8001 MHz, 2415 MHz, 0x0000000000000024
2026/05/01 20:30:37.113, 87, 85.76 W, 75 %, 2445 MHz, 8001 MHz, 2445 MHz, 0x0000000000000004
2026/05/01 20:30:37.615, 87, 84.93 W, 72 %, 2385 MHz, 8001 MHz, 2385 MHz, 0x0000000000000020
2026/05/01 20:30:38.115, 87, 84.52 W, 80 %, 2385 MHz, 8001 MHz, 2385 MHz, 0x0000000000000020
2026/05/01 20:30:38.618, 87, 82.99 W, 73 %, 2415 MHz, 8001 MHz, 2415 MHz, 0x0000000000000024
2026/05/01 20:30:39.122, 87, 81.10 W, 77 %, 2370 MHz, 8001 MHz, 2370 MHz, 0x0000000000000020
2026/05/01 20:30:39.636, 86, 82.33 W, 75 %, 2340 MHz, 8001 MHz, 2340 MHz, 0x0000000000000020
2026/05/01 20:30:40.150, 86, 81.50 W, 73 %, 2415 MHz, 8001 MHz, 2415 MHz, 0x0000000000000020
2026/05/01 20:30:40.665, 86, 82.39 W, 76 %, 2370 MHz, 8001 MHz, 2370 MHz, 0x0000000000000020
2026/05/01 20:30:41.167, 87, 77.73 W, 64 %, 2475 MHz, 8001 MHz, 2475 MHz, 0x0000000000000000
2026/05/01 20:30:41.669, 86, 46.26 W, 70 %, 2475 MHz, 8001 MHz, 2475 MHz, 0x0000000000000000
2026/05/01 20:30:42.174, 86, 79.55 W, 70 %, 2475 MHz, 8001 MHz, 2475 MHz, 0x0000000000000000
2026/05/01 20:30:42.684, 87, 79.49 W, 69 %, 2475 MHz, 8001 MHz, 2475 MHz, 0x0000000000000020
2026/05/01 20:30:43.194, 87, 82.06 W, 70 %, 2475 MHz, 8001 MHz, 2475 MHz, 0x0000000000000020
2026/05/01 20:30:43.704, 86, 77.25 W, 64 %, 2475 MHz, 8001 MHz, 2475 MHz, 0x0000000000000000
2026/05/01 20:30:44.214, 86, 78.02 W, 62 %, 2475 MHz, 8001 MHz, 2475 MHz, 0x0000000000000000
2026/05/01 20:30:44.724, 86, 81.21 W, 68 %, 2475 MHz, 8001 MHz, 2475 MHz, 0x0000000000000000
2026/05/01 20:30:45.225, 86, 79.56 W, 61 %, 2475 MHz, 8001 MHz, 2475 MHz, 0x0000000000000000
2026/05/01 20:30:45.727, 85, 73.63 W, 57 %, 2475 MHz, 8001 MHz, 2475 MHz, 0x0000000000000000
2026/05/01 20:30:46.228, 86, 76.38 W, 61 %, 2475 MHz, 8001 MHz, 2475 MHz, 0x0000000000000000
2026/05/01 20:30:46.734, 79, 75.32 W, 24 %, 2475 MHz, 8001 MHz, 2475 MHz, 0x0000000000000000
2026/05/01 20:30:47.235, 85, 70.97 W, 56 %, 2475 MHz, 8001 MHz, 2475 MHz, 0x0000000000000000
2026/05/01 20:30:47.736, 87, 83.67 W, 72 %, 2310 MHz, 8001 MHz, 2310 MHz, 0x0000000000000020
2026/05/01 20:30:48.244, 86, 79.07 W, 75 %, 2340 MHz, 8001 MHz, 2340 MHz, 0x0000000000000020
2026/05/01 20:30:48.758, 87, 78.39 W, 76 %, 2355 MHz, 8001 MHz, 2355 MHz, 0x0000000000000020
2026/05/01 20:30:49.273, 86, 78.54 W, 76 %, 2415 MHz, 8001 MHz, 2415 MHz, 0x0000000000000020
2026/05/01 20:30:49.773, 86, 78.51 W, 78 %, 2340 MHz, 8001 MHz, 2340 MHz, 0x0000000000000020
2026/05/01 20:30:50.274, 87, 78.39 W, 76 %, 2310 MHz, 8001 MHz, 2310 MHz, 0x0000000000000020
2026/05/01 20:30:50.774, 87, 80.57 W, 79 %, 2325 MHz, 8001 MHz, 2325 MHz, 0x0000000000000020
2026/05/01 20:30:51.284, 87, 79.14 W, 79 %, 2280 MHz, 8001 MHz, 2280 MHz, 0x0000000000000020
2026/05/01 20:30:51.785, 87, 79.48 W, 81 %, 2280 MHz, 8001 MHz, 2280 MHz, 0x0000000000000020
2026/05/01 20:30:52.294, 87, 79.03 W, 76 %, 2340 MHz, 8001 MHz, 2340 MHz, 0x0000000000000020
2026/05/01 20:30:52.799, 86, 79.66 W, 81 %, 2325 MHz, 8001 MHz, 2325 MHz, 0x0000000000000020
2026/05/01 20:30:53.304, 86, 77.56 W, 74 %, 2445 MHz, 8001 MHz, 2445 MHz, 0x0000000000000020
2026/05/01 20:30:53.807, 86, 79.63 W, 64 %, 2475 MHz, 8001 MHz, 2475 MHz, 0x0000000000000000
2026/05/01 20:30:54.307, 87, 78.66 W, 64 %, 2475 MHz, 8001 MHz, 2475 MHz, 0x0000000000000000
2026/05/01 20:30:54.810, 86, 77.52 W, 61 %, 2475 MHz, 8001 MHz, 2475 MHz, 0x0000000000000000
2026/05/01 20:30:55.325, 86, 76.49 W, 59 %, 2475 MHz, 8001 MHz, 2475 MHz, 0x0000000000000000
2026/05/01 20:30:55.841, 87, 77.75 W, 60 %, 2475 MHz, 8001 MHz, 2475 MHz, 0x0000000000000000
2026/05/01 20:30:56.355, 87, 81.73 W, 67 %, 2475 MHz, 8001 MHz, 2475 MHz, 0x0000000000000004
2026/05/01 20:30:56.870, 87, 79.40 W, 73 %, 2475 MHz, 8001 MHz, 2475 MHz, 0x0000000000000000
2026/05/01 20:30:57.371, 87, 83.17 W, 71 %, 2355 MHz, 8001 MHz, 2355 MHz, 0x0000000000000020
2026/05/01 20:30:57.881, 86, 79.70 W, 76 %, 2355 MHz, 8001 MHz, 2355 MHz, 0x0000000000000020
2026/05/01 20:30:58.385, 87, 82.74 W, 72 %, 2400 MHz, 8001 MHz, 2400 MHz, 0x0000000000000020
2026/05/01 20:30:58.895, 86, 81.02 W, 75 %, 2385 MHz, 8001 MHz, 2385 MHz, 0x0000000000000020
2026/05/01 20:30:59.395, 86, 80.08 W, 72 %, 2280 MHz, 8001 MHz, 2280 MHz, 0x0000000000000020
2026/05/01 20:30:59.905, 86, 74.47 W, 68 %, 2370 MHz, 8001 MHz, 2370 MHz, 0x0000000000000020
2026/05/01 20:31:00.415, 87, 81.11 W, 66 %, 2400 MHz, 8001 MHz, 2400 MHz, 0x0000000000000020
2026/05/01 20:31:00.929, 87, 80.69 W, 71 %, 2475 MHz, 8001 MHz, 2475 MHz, 0x0000000000000020
2026/05/01 20:31:01.430, 87, 80.42 W, 69 %, 2400 MHz, 8001 MHz, 2400 MHz, 0x0000000000000020
2026/05/01 20:31:01.944, 87, 79.33 W, 72 %, 2415 MHz, 8001 MHz, 2415 MHz, 0x0000000000000020
2026/05/01 20:31:02.444, 87, 80.45 W, 69 %, 2385 MHz, 8001 MHz, 2385 MHz, 0x0000000000000020
2026/05/01 20:31:02.956, 87, 78.78 W, 67 %, 2445 MHz, 8001 MHz, 2445 MHz, 0x0000000000000020
2026/05/01 20:31:03.471, 86, 78.30 W, 62 %, 2475 MHz, 8001 MHz, 2475 MHz, 0x0000000000000000
2026/05/01 20:31:03.972, 86, 77.50 W, 62 %, 2475 MHz, 8001 MHz, 2475 MHz, 0x0000000000000000
2026/05/01 20:31:04.475, 85, 72.58 W, 56 %, 2475 MHz, 8001 MHz, 2475 MHz, 0x0000000000000000
2026/05/01 20:31:04.988, 85, 74.09 W, 57 %, 2475 MHz, 8001 MHz, 2475 MHz, 0x0000000000000000
2026/05/01 20:31:05.491, 85, 72.13 W, 53 %, 2475 MHz, 8001 MHz, 2475 MHz, 0x0000000000000000
2026/05/01 20:31:05.996, 86, 76.82 W, 61 %, 2475 MHz, 8001 MHz, 2475 MHz, 0x0000000000000000
2026/05/01 20:31:06.504, 85, 74.67 W, 59 %, 2475 MHz, 8001 MHz, 2475 MHz, 0x0000000000000000
2026/05/01 20:31:07.005, 85, 73.64 W, 55 %, 2475 MHz, 8001 MHz, 2475 MHz, 0x0000000000000000
2026/05/01 20:31:07.506, 85, 72.36 W, 55 %, 2475 MHz, 8001 MHz, 2475 MHz, 0x0000000000000000
2026/05/01 20:31:08.016, 85, 70.51 W, 51 %, 2475 MHz, 8001 MHz, 2475 MHz, 0x0000000000000000
2026/05/01 20:31:08.524, 80, 49.82 W, 38 %, 2475 MHz, 8001 MHz, 2475 MHz, 0x0000000000000000
2026/05/01 20:31:09.039, 82, 59.31 W, 41 %, 2475 MHz, 8001 MHz, 2475 MHz, 0x0000000000000000
2026/05/01 20:31:09.555, 83, 65.55 W, 45 %, 2475 MHz, 8001 MHz, 2475 MHz, 0x0000000000000000
2026/05/01 20:31:10.068, 83, 63.88 W, 45 %, 2475 MHz, 8001 MHz, 2475 MHz, 0x0000000000000000
2026/05/01 20:31:10.572, 83, 64.38 W, 47 %, 2475 MHz, 8001 MHz, 2475 MHz, 0x0000000000000000
2026/05/01 20:31:11.073, 83, 63.41 W, 46 %, 2475 MHz, 8001 MHz, 2475 MHz, 0x0000000000000000
2026/05/01 20:31:11.576, 83, 63.49 W, 47 %, 2475 MHz, 8001 MHz, 2475 MHz, 0x0000000000000000
2026/05/01 20:31:12.077, 83, 64.02 W, 46 %, 2475 MHz, 8001 MHz, 2475 MHz, 0x0000000000000000
2026/05/01 20:31:12.593, 82, 62.77 W, 40 %, 2475 MHz, 8001 MHz, 2475 MHz, 0x0000000000000000
2026/05/01 20:31:13.095, 83, 63.40 W, 49 %, 2475 MHz, 8001 MHz, 2475 MHz, 0x0000000000000000
2026/05/01 20:31:13.604, 83, 65.65 W, 44 %, 2475 MHz, 8001 MHz, 2475 MHz, 0x0000000000000000
2026/05/01 20:31:14.105, 83, 64.92 W, 48 %, 2475 MHz, 8001 MHz, 2475 MHz, 0x0000000000000000
2026/05/01 20:31:14.606, 83, 65.23 W, 47 %, 2475 MHz, 8001 MHz, 2475 MHz, 0x0000000000000000
2026/05/01 20:31:15.116, 83, 65.82 W, 45 %, 2475 MHz, 8001 MHz, 2475 MHz, 0x0000000000000000
2026/05/01 20:31:15.619, 83, 68.10 W, 46 %, 2475 MHz, 8001 MHz, 2475 MHz, 0x0000000000000000
2026/05/01 20:31:16.125, 84, 66.94 W, 48 %, 2475 MHz, 8001 MHz, 2475 MHz, 0x0000000000000000
2026/05/01 20:31:16.639, 82, 65.64 W, 47 %, 2475 MHz, 8001 MHz, 2475 MHz, 0x0000000000000000
2026/05/01 20:31:17.153, 79, 61.62 W, 14 %, 2475 MHz, 8001 MHz, 2475 MHz, 0x0000000000000000
2026/05/01 20:31:17.668, 81, 60.21 W, 45 %, 2475 MHz, 8001 MHz, 2475 MHz, 0x0000000000000000
2026/05/01 20:31:18.168, 84, 69.84 W, 60 %, 2475 MHz, 8001 MHz, 2475 MHz, 0x0000000000000000
2026/05/01 20:31:18.683, 86, 83.52 W, 70 %, 2475 MHz, 8001 MHz, 2475 MHz, 0x0000000000000000
2026/05/01 20:31:19.196, 87, 87.43 W, 72 %, 2445 MHz, 8001 MHz, 2445 MHz, 0x0000000000000004
2026/05/01 20:31:19.710, 87, 87.58 W, 72 %, 2475 MHz, 8001 MHz, 2475 MHz, 0x0000000000000004
2026/05/01 20:31:20.211, 86, 84.84 W, 72 %, 2415 MHz, 8001 MHz, 2415 MHz, 0x0000000000000020
2026/05/01 20:31:20.725, 86, 83.53 W, 73 %, 2415 MHz, 8001 MHz, 2415 MHz, 0x0000000000000020
2026/05/01 20:31:21.226, 86, 82.58 W, 68 %, 2445 MHz, 8001 MHz, 2445 MHz, 0x0000000000000020
2026/05/01 20:31:21.731, 85, 80.59 W, 62 %, 2430 MHz, 8001 MHz, 2430 MHz, 0x0000000000000020
2026/05/01 20:31:22.236, 87, 83.50 W, 79 %, 2325 MHz, 8001 MHz, 2325 MHz, 0x0000000000000020
2026/05/01 20:31:22.742, 87, 83.29 W, 78 %, 2355 MHz, 8001 MHz, 2355 MHz, 0x0000000000000020
2026/05/01 20:31:23.247, 87, 82.65 W, 80 %, 2340 MHz, 8001 MHz, 2340 MHz, 0x0000000000000020
2026/05/01 20:31:23.756, 86, 81.43 W, 70 %, 2370 MHz, 8001 MHz, 2370 MHz, 0x0000000000000020
2026/05/01 20:31:24.257, 86, 80.51 W, 76 %, 2370 MHz, 8001 MHz, 2370 MHz, 0x0000000000000020
2026/05/01 20:31:24.771, 86, 80.64 W, 75 %, 2385 MHz, 8001 MHz, 2385 MHz, 0x0000000000000020
2026/05/01 20:31:25.285, 85, 74.03 W, 63 %, 2475 MHz, 8001 MHz, 2475 MHz, 0x0000000000000020
2026/05/01 20:31:25.785, 87, 83.57 W, 77 %, 2370 MHz, 8001 MHz, 2370 MHz, 0x0000000000000020
2026/05/01 20:31:26.298, 87, 78.70 W, 78 %, 2295 MHz, 8001 MHz, 2295 MHz, 0x0000000000000020
2026/05/01 20:31:26.813, 81, 34.06 W, 12 %, 2475 MHz, 8001 MHz, 2475 MHz, 0x0000000000000000
2026/05/01 20:31:27.328, 83, 62.58 W, 42 %, 2475 MHz, 8001 MHz, 2475 MHz, 0x0000000000000000
2026/05/01 20:31:27.835, 83, 64.35 W, 50 %, 2475 MHz, 8001 MHz, 2475 MHz, 0x0000000000000000
2026/05/01 20:31:28.336, 84, 68.72 W, 53 %, 2475 MHz, 8001 MHz, 2475 MHz, 0x0000000000000000
2026/05/01 20:31:28.837, 84, 68.04 W, 51 %, 2475 MHz, 8001 MHz, 2475 MHz, 0x0000000000000000
2026/05/01 20:31:29.347, 83, 67.97 W, 52 %, 2475 MHz, 8001 MHz, 2475 MHz, 0x0000000000000000
2026/05/01 20:31:29.857, 84, 71.08 W, 55 %, 2475 MHz, 8001 MHz, 2475 MHz, 0x0000000000000000
2026/05/01 20:31:30.359, 85, 71.79 W, 55 %, 2475 MHz, 8001 MHz, 2475 MHz, 0x0000000000000000
2026/05/01 20:31:30.862, 84, 74.80 W, 57 %, 2475 MHz, 8001 MHz, 2475 MHz, 0x0000000000000000
2026/05/01 20:31:31.367, 85, 73.73 W, 57 %, 2475 MHz, 8001 MHz, 2475 MHz, 0x0000000000000000
2026/05/01 20:31:31.879, 84, 72.58 W, 54 %, 2475 MHz, 8001 MHz, 2475 MHz, 0x0000000000000000
2026/05/01 20:31:32.394, 85, 69.18 W, 55 %, 2475 MHz, 8001 MHz, 2475 MHz, 0x0000000000000000
2026/05/01 20:31:32.904, 80, 69.00 W, 13 %, 2475 MHz, 8001 MHz, 2475 MHz, 0x0000000000000000
2026/05/01 20:31:33.417, 81, 54.42 W, 40 %, 2475 MHz, 8001 MHz, 2475 MHz, 0x0000000000000000
2026/05/01 20:31:33.933, 82, 60.61 W, 47 %, 2475 MHz, 8001 MHz, 2475 MHz, 0x0000000000000000
2026/05/01 20:31:34.447, 82, 65.29 W, 48 %, 2475 MHz, 8001 MHz, 2475 MHz, 0x0000000000000000
2026/05/01 20:31:34.949, 82, 65.07 W, 48 %, 2475 MHz, 8001 MHz, 2475 MHz, 0x0000000000000000
2026/05/01 20:31:35.464, 83, 65.75 W, 52 %, 2475 MHz, 8001 MHz, 2475 MHz, 0x0000000000000000
2026/05/01 20:31:35.980, 83, 67.98 W, 53 %, 2475 MHz, 8001 MHz, 2475 MHz, 0x0000000000000000
2026/05/01 20:31:36.487, 83, 67.15 W, 52 %, 2475 MHz, 8001 MHz, 2475 MHz, 0x0000000000000000
2026/05/01 20:31:36.987, 83, 68.02 W, 54 %, 2475 MHz, 8001 MHz, 2475 MHz, 0x0000000000000000
2026/05/01 20:31:37.488, 82, 67.56 W, 52 %, 2475 MHz, 8001 MHz, 2475 MHz, 0x0000000000000000
2026/05/01 20:31:37.998, 83, 70.90 W, 53 %, 2475 MHz, 8001 MHz, 2475 MHz, 0x0000000000000000
2026/05/01 20:31:38.507, 84, 72.38 W, 57 %, 2475 MHz, 8001 MHz, 2475 MHz, 0x0000000000000000
2026/05/01 20:31:39.011, 84, 73.05 W, 52 %, 2475 MHz, 8001 MHz, 2475 MHz, 0x0000000000000000
2026/05/01 20:31:39.512, 84, 72.97 W, 59 %, 2475 MHz, 8001 MHz, 2475 MHz, 0x0000000000000000
2026/05/01 20:31:40.026, 84, 72.66 W, 59 %, 2475 MHz, 8001 MHz, 2475 MHz, 0x0000000000000000
2026/05/01 20:31:40.527, 84, 73.09 W, 60 %, 2475 MHz, 8001 MHz, 2475 MHz, 0x0000000000000000
2026/05/01 20:31:41.041, 84, 72.99 W, 59 %, 2475 MHz, 8001 MHz, 2475 MHz, 0x0000000000000000
2026/05/01 20:31:41.556, 85, 73.71 W, 61 %, 2475 MHz, 8001 MHz, 2475 MHz, 0x0000000000000000
2026/05/01 20:31:42.058, 84, 72.81 W, 60 %, 2475 MHz, 8001 MHz, 2475 MHz, 0x0000000000000000
2026/05/01 20:31:42.571, 79, 56.07 W, 11 %, 2475 MHz, 8001 MHz, 2475 MHz, 0x0000000000000000
2026/05/01 20:31:43.075, 79, 53.02 W, 36 %, 2475 MHz, 8001 MHz, 2475 MHz, 0x0000000000000000
2026/05/01 20:31:43.580, 81, 61.02 W, 44 %, 2475 MHz, 8001 MHz, 2475 MHz, 0x0000000000000000
2026/05/01 20:31:44.096, 81, 60.45 W, 44 %, 2475 MHz, 8001 MHz, 2475 MHz, 0x0000000000000000
2026/05/01 20:31:44.600, 81, 60.85 W, 41 %, 2475 MHz, 8001 MHz, 2475 MHz, 0x0000000000000000
2026/05/01 20:31:45.108, 82, 62.91 W, 45 %, 2475 MHz, 8001 MHz, 2475 MHz, 0x0000000000000000
2026/05/01 20:31:45.618, 82, 64.52 W, 50 %, 2475 MHz, 8001 MHz, 2475 MHz, 0x0000000000000000
2026/05/01 20:31:46.128, 83, 66.52 W, 48 %, 2475 MHz, 8001 MHz, 2475 MHz, 0x0000000000000000
2026/05/01 20:31:46.638, 83, 66.29 W, 46 %, 2475 MHz, 8001 MHz, 2475 MHz, 0x0000000000000000
2026/05/01 20:31:47.147, 82, 66.37 W, 46 %, 2475 MHz, 8001 MHz, 2475 MHz, 0x0000000000000000
2026/05/01 20:31:47.654, 82, 56.22 W, 36 %, 2475 MHz, 8001 MHz, 2475 MHz, 0x0000000000000000
2026/05/01 20:31:48.155, 81, 62.10 W, 48 %, 2475 MHz, 8001 MHz, 2475 MHz, 0x0000000000000000
2026/05/01 20:31:48.658, 82, 66.19 W, 49 %, 2475 MHz, 8001 MHz, 2475 MHz, 0x0000000000000000
2026/05/01 20:31:49.161, 82, 64.31 W, 52 %, 2475 MHz, 8001 MHz, 2475 MHz, 0x0000000000000000
2026/05/01 20:31:49.662, 83, 66.86 W, 50 %, 2475 MHz, 8001 MHz, 2475 MHz, 0x0000000000000000
2026/05/01 20:31:50.163, 83, 67.19 W, 53 %, 2475 MHz, 8001 MHz, 2475 MHz, 0x0000000000000000
2026/05/01 20:31:50.664, 83, 62.56 W, 49 %, 2475 MHz, 8001 MHz, 2475 MHz, 0x0000000000000000
2026/05/01 20:31:51.165, 82, 66.55 W, 47 %, 2475 MHz, 8001 MHz, 2475 MHz, 0x0000000000000000
2026/05/01 20:31:51.666, 81, 61.67 W, 47 %, 2475 MHz, 8001 MHz, 2475 MHz, 0x0000000000000000
2026/05/01 20:31:52.169, 82, 61.89 W, 44 %, 2475 MHz, 8001 MHz, 2475 MHz, 0x0000000000000000
2026/05/01 20:31:52.669, 82, 62.99 W, 49 %, 2475 MHz, 8001 MHz, 2475 MHz, 0x0000000000000000
2026/05/01 20:31:53.169, 82, 66.87 W, 50 %, 2475 MHz, 8001 MHz, 2475 MHz, 0x0000000000000000
2026/05/01 20:31:53.679, 83, 64.53 W, 49 %, 2475 MHz, 8001 MHz, 2475 MHz, 0x0000000000000000
2026/05/01 20:31:54.189, 81, 53.53 W, 41 %, 2475 MHz, 8001 MHz, 2475 MHz, 0x0000000000000000
2026/05/01 20:31:54.689, 82, 64.66 W, 48 %, 2475 MHz, 8001 MHz, 2475 MHz, 0x0000000000000000
2026/05/01 20:31:55.197, 78, 50.06 W, 12 %, 2475 MHz, 8001 MHz, 2475 MHz, 0x0000000000000000
2026/05/01 20:31:55.708, 81, 68.21 W, 53 %, 2475 MHz, 8001 MHz, 2475 MHz, 0x0000000000000000
2026/05/01 20:31:56.223, 85, 75.27 W, 60 %, 2475 MHz, 8001 MHz, 2475 MHz, 0x0000000000000000
2026/05/01 20:31:56.738, 86, 84.61 W, 73 %, 2430 MHz, 8001 MHz, 2430 MHz, 0x0000000000000004
2026/05/01 20:31:57.252, 85, 78.58 W, 75 %, 2385 MHz, 8001 MHz, 2385 MHz, 0x0000000000000004
2026/05/01 20:31:57.767, 86, 81.41 W, 70 %, 2445 MHz, 8001 MHz, 2445 MHz, 0x0000000000000004
2026/05/01 20:31:58.268, 86, 86.37 W, 76 %, 2430 MHz, 8001 MHz, 2430 MHz, 0x0000000000000004
2026/05/01 20:31:58.770, 86, 84.65 W, 77 %, 2460 MHz, 8001 MHz, 2460 MHz, 0x0000000000000004
2026/05/01 20:31:59.271, 86, 85.90 W, 73 %, 2445 MHz, 8001 MHz, 2445 MHz, 0x0000000000000004
2026/05/01 20:31:59.772, 86, 86.76 W, 76 %, 2460 MHz, 8001 MHz, 2460 MHz, 0x0000000000000004
2026/05/01 20:32:00.279, 86, 86.11 W, 71 %, 2415 MHz, 8001 MHz, 2415 MHz, 0x0000000000000004
2026/05/01 20:32:00.789, 87, 86.21 W, 78 %, 2430 MHz, 8001 MHz, 2430 MHz, 0x0000000000000004
2026/05/01 20:32:01.299, 86, 85.49 W, 80 %, 2415 MHz, 8001 MHz, 2415 MHz, 0x0000000000000020
2026/05/01 20:32:01.799, 87, 84.92 W, 82 %, 2370 MHz, 8001 MHz, 2370 MHz, 0x0000000000000020
2026/05/01 20:32:02.300, 87, 85.02 W, 82 %, 2355 MHz, 8001 MHz, 2355 MHz, 0x0000000000000020
2026/05/01 20:32:02.801, 86, 77.80 W, 82 %, 2280 MHz, 8001 MHz, 2280 MHz, 0x0000000000000020
2026/05/01 20:32:03.304, 86, 81.98 W, 77 %, 2385 MHz, 8001 MHz, 2385 MHz, 0x0000000000000020
2026/05/01 20:32:03.815, 81, 68.49 W, 20 %, 2475 MHz, 8001 MHz, 2475 MHz, 0x0000000000000000
2026/05/01 20:32:04.330, 83, 69.61 W, 55 %, 2475 MHz, 8001 MHz, 2475 MHz, 0x0000000000000000
2026/05/01 20:32:04.832, 86, 81.49 W, 68 %, 2475 MHz, 8001 MHz, 2475 MHz, 0x0000000000000004
2026/05/01 20:32:05.333, 86, 79.22 W, 63 %, 2475 MHz, 8001 MHz, 2475 MHz, 0x0000000000000000
2026/05/01 20:32:05.835, 87, 82.34 W, 69 %, 2475 MHz, 8001 MHz, 2475 MHz, 0x0000000000000000
2026/05/01 20:32:06.350, 86, 80.11 W, 67 %, 2475 MHz, 8001 MHz, 2475 MHz, 0x0000000000000000
2026/05/01 20:32:06.863, 86, 81.42 W, 68 %, 2475 MHz, 8001 MHz, 2475 MHz, 0x0000000000000000
2026/05/01 20:32:07.365, 87, 81.63 W, 67 %, 2475 MHz, 8001 MHz, 2475 MHz, 0x0000000000000000
2026/05/01 20:32:07.870, 87, 82.26 W, 68 %, 2475 MHz, 8001 MHz, 2475 MHz, 0x0000000000000000
2026/05/01 20:32:08.370, 86, 78.30 W, 70 %, 2415 MHz, 8001 MHz, 2415 MHz, 0x0000000000000020
2026/05/01 20:32:08.880, 86, 79.91 W, 69 %, 2475 MHz, 8001 MHz, 2475 MHz, 0x0000000000000000
2026/05/01 20:32:09.387, 87, 81.25 W, 69 %, 2445 MHz, 8001 MHz, 2445 MHz, 0x0000000000000000
2026/05/01 20:32:09.890, 87, 79.40 W, 67 %, 2475 MHz, 8001 MHz, 2475 MHz, 0x0000000000000000
2026/05/01 20:32:10.390, 86, 83.31 W, 74 %, 2370 MHz, 8001 MHz, 2370 MHz, 0x0000000000000020
2026/05/01 20:32:10.892, 87, 82.27 W, 70 %, 2430 MHz, 8001 MHz, 2430 MHz, 0x0000000000000020
2026/05/01 20:32:11.393, 86, 79.43 W, 70 %, 2415 MHz, 8001 MHz, 2415 MHz, 0x0000000000000020
2026/05/01 20:32:11.907, 87, 80.93 W, 68 %, 2415 MHz, 8001 MHz, 2415 MHz, 0x0000000000000000
2026/05/01 20:32:12.407, 87, 81.73 W, 75 %, 2415 MHz, 8001 MHz, 2415 MHz, 0x0000000000000020
2026/05/01 20:32:12.921, 81, 78.11 W, 36 %, 2475 MHz, 8001 MHz, 2475 MHz, 0x0000000000000000
2026/05/01 20:32:13.435, 87, 83.31 W, 73 %, 2445 MHz, 8001 MHz, 2445 MHz, 0x0000000000000000
2026/05/01 20:32:13.948, 87, 83.29 W, 73 %, 2385 MHz, 8001 MHz, 2385 MHz, 0x0000000000000020
2026/05/01 20:32:14.464, 87, 81.81 W, 78 %, 2370 MHz, 8001 MHz, 2370 MHz, 0x0000000000000020
2026/05/01 20:32:14.977, 87, 81.24 W, 71 %, 2430 MHz, 8001 MHz, 2430 MHz, 0x0000000000000020
2026/05/01 20:32:15.480, 87, 81.66 W, 75 %, 2370 MHz, 8001 MHz, 2370 MHz, 0x0000000000000020
2026/05/01 20:32:15.990, 87, 81.55 W, 75 %, 2415 MHz, 8001 MHz, 2415 MHz, 0x0000000000000020
2026/05/01 20:32:16.490, 87, 81.57 W, 76 %, 2355 MHz, 8001 MHz, 2355 MHz, 0x0000000000000020
2026/05/01 20:32:16.991, 87, 81.39 W, 76 %, 2385 MHz, 8001 MHz, 2385 MHz, 0x0000000000000020
2026/05/01 20:32:17.501, 87, 80.80 W, 73 %, 2355 MHz, 8001 MHz, 2355 MHz, 0x0000000000000020
2026/05/01 20:32:18.010, 86, 78.71 W, 64 %, 2430 MHz, 8001 MHz, 2430 MHz, 0x0000000000000020
2026/05/01 20:32:18.517, 87, 82.60 W, 74 %, 2385 MHz, 8001 MHz, 2385 MHz, 0x0000000000000020
2026/05/01 20:32:19.033, 85, 81.03 W, 72 %, 2385 MHz, 8001 MHz, 2385 MHz, 0x0000000000000020
2026/05/01 20:32:19.533, 86, 80.60 W, 76 %, 2355 MHz, 8001 MHz, 2355 MHz, 0x0000000000000020
2026/05/01 20:32:20.038, 87, 80.81 W, 76 %, 2370 MHz, 8001 MHz, 2370 MHz, 0x0000000000000020
2026/05/01 20:32:20.542, 86, 76.46 W, 70 %, 2385 MHz, 8001 MHz, 2385 MHz, 0x0000000000000020
2026/05/01 20:32:21.055, 81, 49.28 W, 40 %, 2475 MHz, 8001 MHz, 2475 MHz, 0x0000000000000000
2026/05/01 20:32:21.568, 80, 46.68 W, 35 %, 2475 MHz, 8001 MHz, 2475 MHz, 0x0000000000000000
2026/05/01 20:32:22.083, 79, 47.68 W, 35 %, 2475 MHz, 8001 MHz, 2475 MHz, 0x0000000000000000
2026/05/01 20:32:22.596, 79, 46.74 W, 35 %, 2475 MHz, 8001 MHz, 2475 MHz, 0x0000000000000000
2026/05/01 20:32:23.097, 78, 39.97 W, 37 %, 2220 MHz, 8001 MHz, 2220 MHz, 0x0000000000000001
2026/05/01 20:32:23.601, 77, 37.93 W, 34 %, 2190 MHz, 8001 MHz, 2190 MHz, 0x0000000000000001
2026/05/01 20:32:24.110, 77, 35.68 W, 33 %, 2085 MHz, 8001 MHz, 2085 MHz, 0x0000000000000001
2026/05/01 20:32:24.611, 76, 34.44 W, 33 %, 2040 MHz, 8001 MHz, 2040 MHz, 0x0000000000000001
2026/05/01 20:32:25.121, 76, 33.61 W, 33 %, 1965 MHz, 8001 MHz, 1965 MHz, 0x0000000000000001
2026/05/01 20:32:25.631, 76, 31.71 W, 36 %, 1905 MHz, 8001 MHz, 1905 MHz, 0x0000000000000001
2026/05/01 20:32:26.137, 74, 26.39 W, 3 %, 1725 MHz, 8001 MHz, 1725 MHz, 0x0000000000000001
2026/05/01 20:32:26.642, 73, 16.93 W, 5 %, 1470 MHz, 8001 MHz, 1470 MHz, 0x0000000000000001
2026/05/01 20:32:27.157, 73, 16.28 W, 3 %, 1140 MHz, 8001 MHz, 1140 MHz, 0x0000000000000001
2026/05/01 20:32:27.666, 72, 13.06 W, 2 %, 960 MHz, 6001 MHz, 960 MHz, 0x0000000000000001
2026/05/01 20:32:28.169, 72, 12.13 W, 2 %, 810 MHz, 6001 MHz, 810 MHz, 0x0000000000000001
2026/05/01 20:32:28.682, 71, 12.16 W, 3 %, 630 MHz, 6001 MHz, 630 MHz, 0x0000000000000001
2026/05/01 20:32:29.185, 71, 12.15 W, 3 %, 480 MHz, 6001 MHz, 480 MHz, 0x0000000000000001
2026/05/01 20:32:29.692, 71, 12.03 W, 3 %, 405 MHz, 6001 MHz, 405 MHz, 0x0000000000000001
2026/05/01 20:32:30.195, 70, 11.95 W, 0 %, 315 MHz, 6001 MHz, 315 MHz, 0x0000000000000001
2026/05/01 20:32:30.696, 70, 10.94 W, 0 %, 270 MHz, 810 MHz, 270 MHz, 0x0000000000000001
2026/05/01 20:32:31.200, 70, 8.38 W, 0 %, 210 MHz, 810 MHz, 210 MHz, 0x0000000000000001
2026/05/01 20:32:31.712, 70, 8.57 W, 0 %, 210 MHz, 810 MHz, 210 MHz, 0x0000000000000001
2026/05/01 20:32:32.227, 70, 8.57 W, 0 %, 210 MHz, 810 MHz, 210 MHz, 0x0000000000000001
2026/05/01 20:32:32.733, 69, 3.78 W, 0 %, 210 MHz, 405 MHz, 210 MHz, 0x0000000000000001
2026/05/01 20:32:33.235, 69, 3.78 W, 0 %, 210 MHz, 405 MHz, 210 MHz, 0x0000000000000001
2026/05/01 20:32:33.745, 68, 2.63 W, 0 %, 210 MHz, 405 MHz, 210 MHz, 0x0000000000000001
2026/05/01 20:32:34.257, 68, 2.63 W, 0 %, 210 MHz, 405 MHz, 210 MHz, 0x0000000000000001
2026/05/01 20:32:34.761, 68, 2.64 W, 0 %, 210 MHz, 405 MHz, 210 MHz, 0x0000000000000001
2026/05/01 20:32:35.269, 68, 2.64 W, 0 %, 210 MHz, 405 MHz, 210 MHz, 0x0000000000000001
2026/05/01 20:32:35.777, 67, 2.62 W, 0 %, 210 MHz, 405 MHz, 210 MHz, 0x0000000000000001
2026/05/01 20:32:36.292, 67, 2.62 W, 0 %, 210 MHz, 405 MHz, 210 MHz, 0x0000000000000001
2026/05/01 20:32:36.794, 67, 2.55 W, 0 %, 210 MHz, 405 MHz, 210 MHz, 0x0000000000000001
2026/05/01 20:32:37.303, 67, 2.55 W, 0 %, 210 MHz, 405 MHz, 210 MHz, 0x0000000000000001
2026/05/01 20:32:37.818, 66, 2.63 W, 0 %, 210 MHz, 405 MHz, 210 MHz, 0x0000000000000001
2026/05/01 20:32:38.334, 66, 2.63 W, 0 %, 210 MHz, 405 MHz, 210 MHz, 0x0000000000000001
2026/05/01 20:32:38.840, 66, 2.63 W, 0 %, 210 MHz, 405 MHz, 210 MHz, 0x0000000000000001
2026/05/01 20:32:39.346, 66, 2.63 W, 0 %, 210 MHz, 405 MHz, 210 MHz, 0x0000000000000001
2026/05/01 20:32:39.851, 66, 2.56 W, 0 %, 210 MHz, 405 MHz, 210 MHz, 0x0000000000000001
2026/05/01 20:32:40.352, 65, 2.68 W, 8 %, 210 MHz, 405 MHz, 210 MHz, 0x0000000000000001
2026/05/01 20:32:40.861, 65, 3.56 W, 0 %, 210 MHz, 405 MHz, 210 MHz, 0x0000000000000001
2026/05/01 20:32:41.367, 65, 4.78 W, 0 %, 210 MHz, 405 MHz, 210 MHz, 0x0000000000000001
2026/05/01 20:32:41.868, 65, 4.10 W, 0 %, 210 MHz, 405 MHz, 210 MHz, 0x0000000000000001
2026/05/01 20:32:42.380, 65, 6.11 W, 0 %, 210 MHz, 405 MHz, 210 MHz, 0x0000000000000001
2026/05/01 20:32:42.884, 65, 4.42 W, 0 %, 210 MHz, 405 MHz, 210 MHz, 0x0000000000000001
2026/05/01 20:32:43.384, 65, 4.45 W, 0 %, 210 MHz, 405 MHz, 210 MHz, 0x0000000000000001
2026/05/01 20:32:43.893, 64, 4.45 W, 0 %, 210 MHz, 405 MHz, 210 MHz, 0x0000000000000001
2026/05/01 20:32:44.402, 64, 2.53 W, 0 %, 210 MHz, 405 MHz, 210 MHz, 0x0000000000000001
2026/05/01 20:32:44.917, 64, 2.53 W, 0 %, 210 MHz, 405 MHz, 210 MHz, 0x0000000000000001
2026/05/01 20:32:45.419, 64, 2.45 W, 0 %, 210 MHz, 405 MHz, 210 MHz, 0x0000000000000001
2026/05/01 20:32:45.929, 63, 2.45 W, 0 %, 210 MHz, 405 MHz, 210 MHz, 0x0000000000000001
2026/05/01 20:32:46.434, 63, 2.46 W, 0 %, 210 MHz, 405 MHz, 210 MHz, 0x0000000000000001
2026/05/01 20:32:46.942, 63, 2.46 W, 0 %, 210 MHz, 405 MHz, 210 MHz, 0x0000000000000001
2026/05/01 20:32:47.448, 63, 2.45 W, 0 %, 210 MHz, 405 MHz, 210 MHz, 0x0000000000000001
2026/05/01 20:32:47.953, 63, 2.45 W, 0 %, 210 MHz, 405 MHz, 210 MHz, 0x0000000000000001
2026/05/01 20:32:48.459, 63, 2.44 W, 0 %, 210 MHz, 405 MHz, 210 MHz, 0x0000000000000001
2026/05/01 20:32:48.963, 63, 2.44 W, 0 %, 210 MHz, 405 MHz, 210 MHz, 0x0000000000000001
2026/05/01 20:32:49.476, 63, 2.44 W, 0 %, 210 MHz, 405 MHz, 210 MHz, 0x0000000000000001
2026/05/01 20:32:49.986, 62, 2.44 W, 0 %, 210 MHz, 405 MHz, 210 MHz, 0x0000000000000001
2026/05/01 20:32:50.494, 62, 2.42 W, 0 %, 210 MHz, 405 MHz, 210 MHz, 0x0000000000000001
2026/05/01 20:32:51.002, 62, 2.42 W, 0 %, 210 MHz, 405 MHz, 210 MHz, 0x0000000000000001
2026/05/01 20:32:51.512, 62, 2.41 W, 0 %, 210 MHz, 405 MHz, 210 MHz, 0x0000000000000001
2026/05/01 20:32:52.027, 62, 2.41 W, 0 %, 210 MHz, 405 MHz, 210 MHz, 0x0000000000000001
2026/05/01 20:32:52.528, 62, 2.39 W, 0 %, 210 MHz, 405 MHz, 210 MHz, 0x0000000000000001
2026/05/01 20:32:53.039, 62, 2.39 W, 0 %, 210 MHz, 405 MHz, 210 MHz, 0x0000000000000001
2026/05/01 20:32:53.546, 62, 2.37 W, 0 %, 210 MHz, 405 MHz, 210 MHz, 0x0000000000000001
2026/05/01 20:32:54.047, 61, 2.37 W, 0 %, 210 MHz, 405 MHz, 210 MHz, 0x0000000000000001
2026/05/01 20:32:54.557, 61, 2.45 W, 0 %, 210 MHz, 405 MHz, 210 MHz, 0x0000000000000001
2026/05/01 20:32:55.065, 61, 2.45 W, 0 %, 210 MHz, 405 MHz, 210 MHz, 0x0000000000000001
2026/05/01 20:32:55.568, 61, 2.52 W, 0 %, 210 MHz, 405 MHz, 210 MHz, 0x0000000000000001
2026/05/01 20:32:56.077, 61, 2.52 W, 0 %, 210 MHz, 405 MHz, 210 MHz, 0x0000000000000001
2026/05/01 20:32:56.579, 61, 2.45 W, 0 %, 210 MHz, 405 MHz, 210 MHz, 0x0000000000000001
2026/05/01 20:32:57.084, 61, 2.45 W, 0 %, 210 MHz, 405 MHz, 210 MHz, 0x0000000000000001
2026/05/01 20:32:57.593, 61, 2.37 W, 0 %, 210 MHz, 405 MHz, 210 MHz, 0x0000000000000001
2026/05/01 20:32:58.109, 60, 2.37 W, 0 %, 210 MHz, 405 MHz, 210 MHz, 0x0000000000000001
2026/05/01 20:32:58.623, 60, 2.36 W, 0 %, 210 MHz, 405 MHz, 210 MHz, 0x0000000000000001
2026/05/01 20:32:59.137, 60, 2.36 W, 0 %, 210 MHz, 405 MHz, 210 MHz, 0x0000000000000001
2026/05/01 20:32:59.644, 60, 2.36 W, 0 %, 210 MHz, 405 MHz, 210 MHz, 0x0000000000000001
2026/05/01 20:33:00.159, 60, 2.36 W, 0 %, 210 MHz, 405 MHz, 210 MHz, 0x0000000000000001
2026/05/01 20:33:00.669, 60, 2.35 W, 0 %, 210 MHz, 405 MHz, 210 MHz, 0x0000000000000001
2026/05/01 20:33:01.177, 60, 2.35 W, 0 %, 210 MHz, 405 MHz, 210 MHz, 0x0000000000000001
2026/05/01 20:33:01.683, 60, 2.33 W, 0 %, 210 MHz, 405 MHz, 210 MHz, 0x0000000000000001
2026/05/01 20:33:02.192, 59, 2.33 W, 0 %, 210 MHz, 405 MHz, 210 MHz, 0x0000000000000001
2026/05/01 20:33:02.696, 59, 2.32 W, 0 %, 210 MHz, 405 MHz, 210 MHz, 0x0000000000000001
2026/05/01 20:33:03.201, 59, 2.32 W, 0 %, 210 MHz, 405 MHz, 210 MHz, 0x0000000000000001
2026/05/01 20:33:03.705, 59, 2.31 W, 0 %, 210 MHz, 405 MHz, 210 MHz, 0x0000000000000001
2026/05/01 20:33:04.214, 59, 2.31 W, 0 %, 210 MHz, 405 MHz, 210 MHz, 0x0000000000000001
2026/05/01 20:33:04.715, 59, 2.30 W, 0 %, 210 MHz, 405 MHz, 210 MHz, 0x0000000000000001
2026/05/01 20:33:05.223, 59, 2.30 W, 0 %, 210 MHz, 405 MHz, 210 MHz, 0x0000000000000001
2026/05/01 20:33:05.736, 59, 2.30 W, 0 %, 210 MHz, 405 MHz, 210 MHz, 0x0000000000000001
2026/05/01 20:33:06.251, 59, 2.30 W, 0 %, 210 MHz, 405 MHz, 210 MHz, 0x0000000000000001
2026/05/01 20:33:06.767, 59, 2.29 W, 0 %, 210 MHz, 405 MHz, 210 MHz, 0x0000000000000001
2026/05/01 20:33:07.269, 59, 2.29 W, 0 %, 210 MHz, 405 MHz, 210 MHz, 0x0000000000000001
2026/05/01 20:33:07.775, 59, 2.28 W, 0 %, 210 MHz, 405 MHz, 210 MHz, 0x0000000000000001
2026/05/01 20:33:08.282, 58, 2.28 W, 0 %, 210 MHz, 405 MHz, 210 MHz, 0x0000000000000001
2026/05/01 20:33:08.793, 58, 2.28 W, 0 %, 210 MHz, 405 MHz, 210 MHz, 0x0000000000000001
2026/05/01 20:33:09.306, 58, 2.28 W, 0 %, 210 MHz, 405 MHz, 210 MHz, 0x0000000000000001
2026/05/01 20:33:09.809, 58, 2.27 W, 0 %, 210 MHz, 405 MHz, 210 MHz, 0x0000000000000001
2026/05/01 20:33:10.310, 58, 2.27 W, 0 %, 210 MHz, 405 MHz, 210 MHz, 0x0000000000000001
2026/05/01 20:33:10.814, 58, 2.24 W, 0 %, 210 MHz, 405 MHz, 210 MHz, 0x0000000000000001
2026/05/01 20:33:11.319, 58, 2.24 W, 0 %, 210 MHz, 405 MHz, 210 MHz, 0x0000000000000001
2026/05/01 20:33:11.819, 58, 2.24 W, 0 %, 210 MHz, 405 MHz, 210 MHz, 0x0000000000000001
2026/05/01 20:33:12.329, 58, 2.24 W, 0 %, 210 MHz, 405 MHz, 210 MHz, 0x0000000000000001
2026/05/01 20:33:12.844, 58, 2.24 W, 0 %, 210 MHz, 405 MHz, 210 MHz, 0x0000000000000001
2026/05/01 20:33:13.349, 58, 2.24 W, 0 %, 210 MHz, 405 MHz, 210 MHz, 0x0000000000000001
2026/05/01 20:33:13.858, 58, 2.23 W, 0 %, 210 MHz, 405 MHz, 210 MHz, 0x0000000000000001
2026/05/01 20:33:14.365, 57, 2.23 W, 0 %, 210 MHz, 405 MHz, 210 MHz, 0x0000000000000001
2026/05/01 20:33:14.867, 57, 2.21 W, 0 %, 210 MHz, 405 MHz, 210 MHz, 0x0000000000000001
2026/05/01 20:33:15.370, 57, 2.21 W, 0 %, 210 MHz, 405 MHz, 210 MHz, 0x0000000000000001
2026/05/01 20:33:15.886, 57, 2.20 W, 0 %, 210 MHz, 405 MHz, 210 MHz, 0x0000000000000001
2026/05/01 20:33:16.393, 57, 2.20 W, 0 %, 210 MHz, 405 MHz, 210 MHz, 0x0000000000000001
2026/05/01 20:33:16.906, 57, 2.20 W, 0 %, 210 MHz, 405 MHz, 210 MHz, 0x0000000000000001
2026/05/01 20:33:17.419, 57, 2.19 W, 0 %, 210 MHz, 405 MHz, 210 MHz, 0x0000000000000001
2026/05/01 20:33:17.929, 57, 2.19 W, 0 %, 210 MHz, 405 MHz, 210 MHz, 0x0000000000000001
2026/05/01 20:33:18.437, 57, 2.18 W, 0 %, 210 MHz, 405 MHz, 210 MHz, 0x0000000000000001
2026/05/01 20:33:18.938, 57, 2.18 W, 0 %, 210 MHz, 405 MHz, 210 MHz, 0x0000000000000001
2026/05/01 20:33:19.440, 57, 2.17 W, 0 %, 210 MHz, 405 MHz, 210 MHz, 0x0000000000000001
2026/05/01 20:33:19.943, 57, 2.17 W, 0 %, 210 MHz, 405 MHz, 210 MHz, 0x0000000000000001
2026/05/01 20:33:20.455, 57, 2.15 W, 0 %, 210 MHz, 405 MHz, 210 MHz, 0x0000000000000001
2026/05/01 20:33:20.959, 56, 2.15 W, 0 %, 210 MHz, 405 MHz, 210 MHz, 0x0000000000000001
2026/05/01 20:33:21.473, 56, 2.21 W, 0 %, 210 MHz, 405 MHz, 210 MHz, 0x0000000000000001
2026/05/01 20:33:21.988, 56, 2.21 W, 0 %, 210 MHz, 405 MHz, 210 MHz, 0x0000000000000001
2026/05/01 20:33:22.496, 56, 2.26 W, 0 %, 210 MHz, 405 MHz, 210 MHz, 0x0000000000000001
2026/05/01 20:33:23.005, 56, 2.26 W, 0 %, 210 MHz, 405 MHz, 210 MHz, 0x0000000000000001
2026/05/01 20:33:23.511, 56, 2.20 W, 0 %, 210 MHz, 405 MHz, 210 MHz, 0x0000000000000001
2026/05/01 20:33:24.026, 56, 2.20 W, 0 %, 210 MHz, 405 MHz, 210 MHz, 0x0000000000000001
